PLAYER_LOCATION,106,9/7/2023 3:33:12 PM,f8b5cbd1-0abe-483b-8b16-956044dc0119,1.3,"(2.1, 1.8, 0.7)","(0.0, 0.0, 0.0)","(0.0, 0.0, 0.0)",
PLAYER_LOCATION,773,9/7/2023 3:33:12 PM,f8b5cbd1-0abe-483b-8b16-956044dc0119,1.3,"(2.0, 1.8, 0.7)","(0.0, 0.0, 0.0)","(0.0, 0.0, 0.0)",
PLAYER_LOCATION,1601,9/7/2023 3:33:13 PM,f8b5cbd1-0abe-483b-8b16-956044dc0119,1.3,"(1.9, 1.8, 0.7)","(0.0, 0.0, 0.0)","(0.0, 0.0, 0.0)",
PLAYER_LOCATION,1793,9/7/2023 3:33:13 PM,f8b5cbd1-0abe-483b-8b16-956044dc0119,1.3,"(1.9, 1.8, 0.7)","(0.0, 0.0, 0.0)","(0.0, 0.0, 0.0)",
PLAYER_LOCATION,2293,9/7/2023 3:33:14 PM,f8b5cbd1-0abe-483b-8b16-956044dc0119,1.3,"(2.0, 1.8, 0.7)","(0.0, 0.0, 0.0)","(0.0, 0.0, 0.0)",
PLAYER_LOCATION,2810,9/7/2023 3:33:14 PM,f8b5cbd1-0abe-483b-8b16-956044dc0119,1.3,"(1.8, 1.8, 0.7)","(0.0, 0.0, 0.0)","(0.0, 0.0, 0.0)",
PLAYER_LOCATION,3310,9/7/2023 3:33:15 PM,f8b5cbd1-0abe-483b-8b16-956044dc0119,1.3,"(1.8, 1.7, 0.8)","(0.0, 0.0, 0.0)","(0.0, 0.0, 0.0)",
PLAYER_LOCATION,3826,9/7/2023 3:33:15 PM,f8b5cbd1-0abe-483b-8b16-956044dc0119,1.3,"(1.8, 1.7, 0.8)","(0.0, 0.0, 0.0)","(0.0, 0.0, 0.0)",
PLAYER_LOCATION,4326,9/7/2023 3:33:16 PM,f8b5cbd1-0abe-483b-8b16-956044dc0119,1.3,"(1.8, 1.7, 0.8)","(0.0, 0.0, 0.0)","(0.0, 0.0, 0.0)",
PLAYER_LOCATION,4827,9/7/2023 3:33:16 PM,f8b5cbd1-0abe-483b-8b16-956044dc0119,1.3,"(1.8, 1.7, 0.8)","(0.0, 0.0, 0.0)","(0.0, 0.0, 0.0)",
PLAYER_LOCATION,5329,9/7/2023 3:33:17 PM,f8b5cbd1-0abe-483b-8b16-956044dc0119,1.3,"(2.0, 1.7, 0.7)","(0.0, 0.0, 0.0)","(0.0, 0.0, 0.0)",
PLAYER_LOCATION,5831,9/7/2023 3:33:17 PM,f8b5cbd1-0abe-483b-8b16-956044dc0119,1.3,"(1.9, 1.7, 0.6)","(0.0, 0.0, 0.0)","(0.0, 0.0, 0.0)",
PLAYER_LOCATION,6331,9/7/2023 3:33:18 PM,f8b5cbd1-0abe-483b-8b16-956044dc0119,1.3,"(1.9, 1.8, 0.7)","(0.0, 0.0, 0.0)","(0.0, 0.0, 0.0)",
PLAYER_LOCATION,6848,9/7/2023 3:33:18 PM,f8b5cbd1-0abe-483b-8b16-956044dc0119,1.3,"(1.9, 1.8, 0.8)","(0.0, 0.0, 0.0)","(0.0, 0.0, 0.0)",
PLAYER_LOCATION,7357,9/7/2023 3:33:19 PM,f8b5cbd1-0abe-483b-8b16-956044dc0119,1.3,"(1.8, 1.8, 0.9)","(0.0, 0.0, 0.0)","(0.0, 0.0, 0.0)",
PLAYER_LOCATION,7857,9/7/2023 3:33:19 PM,f8b5cbd1-0abe-483b-8b16-956044dc0119,1.3,"(1.7, 1.8, 0.9)","(0.0, 0.0, 0.0)","(0.0, 0.0, 0.0)",
PLAYER_LOCATION,8373,9/7/2023 3:33:20 PM,f8b5cbd1-0abe-483b-8b16-956044dc0119,1.3,"(1.7, 1.8, 0.9)","(0.0, 0.0, 0.0)","(0.0, 0.0, 0.0)",
PLAYER_LOCATION,8874,9/7/2023 3:33:20 PM,f8b5cbd1-0abe-483b-8b16-956044dc0119,1.3,"(1.7, 1.8, 0.9)","(0.0, 0.0, 0.0)","(0.0, 0.0, 0.0)",
PATIENT_DEMOTED,9372,9/7/2023 3:33:21 PM,f8b5cbd1-0abe-483b-8b16-956044dc0119,1.3,100,Infinity,Military Mike Jungle Burned_0 Root,"(-0.2, 0.0, -21.6)","(0.0, 0.4, 0.0, 0.9)",IMMEDIATE,waver,normal,normal,normal,upset,supine,
PLAYER_LOCATION,9386,9/7/2023 3:33:21 PM,f8b5cbd1-0abe-483b-8b16-956044dc0119,1.3,"(-0.1, 1.9, -7.5)","(0.0, 0.0, 0.0)","(0.0, 0.0, 0.0)",
PATIENT_DEMOTED,9870,9/7/2023 3:33:21 PM,f8b5cbd1-0abe-483b-8b16-956044dc0119,1.3,100,Infinity,Military Mike Jungle Burned_0 Root,"(-0.2, 0.3, -21.1)","(0.0, 0.4, 0.0, 0.9)",EXPECTANT,still,fast,fast,normal,dead,supine,
PLAYER_LOCATION,9887,9/7/2023 3:33:21 PM,f8b5cbd1-0abe-483b-8b16-956044dc0119,1.3,"(0.0, 1.9, -7.5)","(0.0, 0.0, 0.0)","(0.0, 0.0, 0.0)",
PLAYER_LOCATION,10391,9/7/2023 3:33:22 PM,f8b5cbd1-0abe-483b-8b16-956044dc0119,1.3,"(-0.1, 1.9, -7.7)","(0.0, 0.0, 0.0)","(0.0, 0.0, 0.0)",
PATIENT_DEMOTED,10530,9/7/2023 3:33:22 PM,f8b5cbd1-0abe-483b-8b16-956044dc0119,1.3,100,0,Intelligence Officer Burned_Gary_1 Root,"(-2.2, 0.3, -22.4)","(0.0, -0.7, 0.0, 0.7)",IMMEDIATE,waver,fast,fast,normal,agony,fetal,
PATIENT_DEMOTED,10795,9/7/2023 3:33:22 PM,f8b5cbd1-0abe-483b-8b16-956044dc0119,1.3,100,Infinity,Military Mike Jungle Combat_3_2 Root,"(-1.1, 0.0, -22.0)","(0.0, -0.4, 0.0, 0.9)",IMMEDIATE,waver,fast,fast,normal,agony,fetal,
PLAYER_LOCATION,10892,9/7/2023 3:33:22 PM,f8b5cbd1-0abe-483b-8b16-956044dc0119,1.3,"(-0.1, 1.9, -7.7)","(0.0, 0.0, 0.0)","(0.0, 0.0, 0.0)",
PLAYER_LOCATION,11409,9/7/2023 3:33:23 PM,f8b5cbd1-0abe-483b-8b16-956044dc0119,1.3,"(-0.2, 1.9, -7.7)","(0.0, 0.0, 0.0)","(0.0, 0.0, 0.0)",
PATIENT_DEMOTED,11861,9/7/2023 3:33:23 PM,f8b5cbd1-0abe-483b-8b16-956044dc0119,1.3,100,128,Military Mike Jungle Scout_1_3 Root,"(0.7, 0.3, 3.9)","(0.0, -0.7, 0.0, 0.7)",DELAYED,still,fast,fast,normal,calm,supine,
PLAYER_LOCATION,11912,9/7/2023 3:33:23 PM,f8b5cbd1-0abe-483b-8b16-956044dc0119,1.3,"(-0.1, 1.9, -7.8)","(0.0, 0.0, 0.0)","(0.0, 0.0, 0.0)",
VOICE_CAPTURE,12128,9/7/2023 3:33:24 PM,f8b5cbd1-0abe-483b-8b16-956044dc0119,1.3,Looking around,NA,
PLAYER_LOCATION,12427,9/7/2023 3:33:24 PM,f8b5cbd1-0abe-483b-8b16-956044dc0119,1.3,"(-0.1, 1.9, -7.8)","(0.0, 0.0, 0.0)","(0.0, 0.0, 0.0)",
PATIENT_DEMOTED,12519,9/7/2023 3:33:24 PM,f8b5cbd1-0abe-483b-8b16-956044dc0119,1.3,100,Infinity,Asian Bob_4 Root,"(2.9, 0.0, 2.3)","(0.0, -0.7, 0.0, 0.7)",DELAYED,still,faint,normal,none,calm,fetal,
PLAYER_LOCATION,12935,9/7/2023 3:33:24 PM,f8b5cbd1-0abe-483b-8b16-956044dc0119,1.3,"(-0.1, 1.9, -7.8)","(0.0, 0.0, 0.0)","(0.0, 0.0, 0.0)",
PLAYER_LOCATION,13436,9/7/2023 3:33:25 PM,f8b5cbd1-0abe-483b-8b16-956044dc0119,1.3,"(-0.1, 1.9, -7.8)","(0.0, 0.0, 0.0)","(0.0, 0.0, 0.0)",
PLAYER_LOCATION,13951,9/7/2023 3:33:25 PM,f8b5cbd1-0abe-483b-8b16-956044dc0119,1.3,"(-0.1, 1.9, -7.8)","(0.0, 0.0, 0.0)","(0.0, 0.0, 0.0)",
PLAYER_LOCATION,14454,9/7/2023 3:33:26 PM,f8b5cbd1-0abe-483b-8b16-956044dc0119,1.3,"(-0.1, 1.9, -7.8)","(0.0, 0.0, 0.0)","(0.0, 0.0, 0.0)",
PLAYER_LOCATION,14968,9/7/2023 3:33:26 PM,f8b5cbd1-0abe-483b-8b16-956044dc0119,1.3,"(-0.1, 1.9, -7.8)","(0.0, 0.0, 0.0)","(0.0, 0.0, 0.0)",
PLAYER_LOCATION,15480,9/7/2023 3:33:27 PM,f8b5cbd1-0abe-483b-8b16-956044dc0119,1.3,"(-0.1, 1.9, -7.8)","(0.0, 0.0, 0.0)","(0.0, 0.0, 0.0)",
SESSION_START,15690,9/7/2023 3:33:27 PM,f8b5cbd1-0abe-483b-8b16-956044dc0119,1.3,
PATIENT_RECORD,15691,9/7/2023 3:33:27 PM,f8b5cbd1-0abe-483b-8b16-956044dc0119,1.3,100,Infinity,Military Mike Jungle Burned_0 Root,"(-0.2, 0.3, -21.1)","(0.0, 0.4, 0.0, 0.9)",EXPECTANT,still,fast,fast,normal,dead,supine,
INJURY_RECORD,15691,9/7/2023 3:33:27 PM,f8b5cbd1-0abe-483b-8b16-956044dc0119,1.3,L Neck Puncture,Military Mike Jungle Burned_0 Root,woundpack,high,neck,False,False,"(-0.2, 1.8, -21.0)",
PATIENT_RECORD,15691,9/7/2023 3:33:27 PM,f8b5cbd1-0abe-483b-8b16-956044dc0119,1.3,100,0,Intelligence Officer Burned_Gary_1 Root,"(-2.2, 0.3, -22.4)","(0.0, -0.7, 0.0, 0.7)",IMMEDIATE,waver,fast,fast,normal,agony,fetal,
PATIENT_RECORD,15691,9/7/2023 3:33:27 PM,f8b5cbd1-0abe-483b-8b16-956044dc0119,1.3,100,Infinity,Military Mike Jungle Combat_3_2 Root,"(-4.2, 0.2, -21.5)","(0.0, -0.4, 0.0, 0.9)",IMMEDIATE,waver,fast,fast,normal,agony,fetal,
INJURY_RECORD,15691,9/7/2023 3:33:27 PM,f8b5cbd1-0abe-483b-8b16-956044dc0119,1.3,R Shin Amputation,Military Mike Jungle Combat_3_2 Root,tourniquet,high,rightLeg,False,False,"(-4.1, 0.6, -21.4)",
PATIENT_RECORD,15691,9/7/2023 3:33:27 PM,f8b5cbd1-0abe-483b-8b16-956044dc0119,1.3,100,128,Military Mike Jungle Scout_1_3 Root,"(0.7, 0.3, 3.9)","(0.0, -0.7, 0.0, 0.7)",DELAYED,still,fast,fast,normal,calm,supine,
PATIENT_RECORD,15691,9/7/2023 3:33:27 PM,f8b5cbd1-0abe-483b-8b16-956044dc0119,1.3,100,Infinity,Asian Bob_4 Root,"(2.9, 0.0, 2.3)","(0.0, -0.7, 0.0, 0.7)",DELAYED,still,faint,normal,none,calm,fetal,
PATIENT_RECORD,15691,9/7/2023 3:33:27 PM,f8b5cbd1-0abe-483b-8b16-956044dc0119,1.3,100,128,Military Mike Jungle Combat_1_5 Root,"(-3.8, 0.2, -14.5)","(0.0, 0.1, 0.0, 1.0)",MINIMAL,waver,normal,normal,normal,calm,standing,
PLAYER_LOCATION,15993,9/7/2023 3:33:28 PM,f8b5cbd1-0abe-483b-8b16-956044dc0119,1.3,"(-0.1, 1.9, -7.8)","(0.0, 0.0, 0.0)","(0.0, 0.0, 0.0)",
PLAYER_LOCATION,16508,9/7/2023 3:33:28 PM,f8b5cbd1-0abe-483b-8b16-956044dc0119,1.3,"(-0.1, 1.9, -7.8)","(0.0, 0.0, 0.0)","(0.0, 0.0, 0.0)",
PLAYER_LOCATION,17054,9/7/2023 3:33:29 PM,f8b5cbd1-0abe-483b-8b16-956044dc0119,1.3,"(-0.1, 1.9, -7.7)","(0.0, 0.0, 0.0)","(0.0, 0.0, 0.0)",
PLAYER_LOCATION,17557,9/7/2023 3:33:29 PM,f8b5cbd1-0abe-483b-8b16-956044dc0119,1.3,"(-0.1, 1.9, -7.7)","(0.0, 0.0, 0.0)","(0.0, 0.0, 0.0)",
PLAYER_LOCATION,18060,9/7/2023 3:33:30 PM,f8b5cbd1-0abe-483b-8b16-956044dc0119,1.3,"(-0.1, 1.9, -7.7)","(0.0, 0.0, 0.0)","(0.0, 0.0, 0.0)",
PLAYER_LOCATION,18566,9/7/2023 3:33:30 PM,f8b5cbd1-0abe-483b-8b16-956044dc0119,1.3,"(-0.1, 1.9, -7.8)","(0.0, 0.0, 0.0)","(0.0, 0.0, 0.0)",
VOICE_CAPTURE,18700,9/7/2023 3:33:30 PM,f8b5cbd1-0abe-483b-8b16-956044dc0119,1.3,all waiting to start with,NA,
PLAYER_LOCATION,19082,9/7/2023 3:33:31 PM,f8b5cbd1-0abe-483b-8b16-956044dc0119,1.3,"(-0.1, 1.9, -7.8)","(0.0, 0.0, 0.0)","(0.0, 0.0, 0.0)",
PLAYER_LOCATION,19587,9/7/2023 3:33:31 PM,f8b5cbd1-0abe-483b-8b16-956044dc0119,1.3,"(-0.1, 1.9, -7.8)","(0.0, 0.0, 0.0)","(0.0, 0.0, 0.0)",
PLAYER_LOCATION,20099,9/7/2023 3:33:32 PM,f8b5cbd1-0abe-483b-8b16-956044dc0119,1.3,"(-0.2, 1.9, -7.8)","(0.0, 0.0, 0.0)","(0.0, 0.0, 0.0)",
PLAYER_GAZE,20100,9/7/2023 3:33:32 PM,f8b5cbd1-0abe-483b-8b16-956044dc0119,1.3,"(-3.8, 0.2, -14.5)",Military Mike Jungle Combat_1_5 Root,7.801757,"(3.6, 1.7, 6.7)",
VOICE_CAPTURE,20483,9/7/2023 3:33:32 PM,f8b5cbd1-0abe-483b-8b16-956044dc0119,1.3,something you don't wanna,NA,
PLAYER_LOCATION,20650,9/7/2023 3:33:32 PM,f8b5cbd1-0abe-483b-8b16-956044dc0119,1.3,"(-0.2, 1.9, -7.7)","(0.0, 0.0, 0.0)","(0.0, 0.0, 0.0)",
PLAYER_LOCATION,21159,9/7/2023 3:33:33 PM,f8b5cbd1-0abe-483b-8b16-956044dc0119,1.3,"(-0.2, 1.9, -7.6)","(0.0, 0.0, 0.0)","(0.0, 0.0, 0.0)",
PLAYER_LOCATION,21665,9/7/2023 3:33:33 PM,f8b5cbd1-0abe-483b-8b16-956044dc0119,1.3,"(-0.2, 1.9, -7.6)","(0.0, 0.0, 0.0)","(0.0, 0.0, 0.0)",
PLAYER_LOCATION,22174,9/7/2023 3:33:34 PM,f8b5cbd1-0abe-483b-8b16-956044dc0119,1.3,"(-0.2, 1.9, -7.6)","(0.0, 0.0, 0.0)","(0.0, 0.0, 0.0)",
PLAYER_LOCATION,22684,9/7/2023 3:33:34 PM,f8b5cbd1-0abe-483b-8b16-956044dc0119,1.3,"(-0.2, 1.9, -7.6)","(0.0, 0.0, 0.0)","(0.0, 0.0, 0.0)",
PLAYER_LOCATION,23197,9/7/2023 3:33:35 PM,f8b5cbd1-0abe-483b-8b16-956044dc0119,1.3,"(-0.2, 1.9, -7.5)","(0.0, 0.0, 0.0)","(0.0, 0.0, 0.0)",
PLAYER_LOCATION,23715,9/7/2023 3:33:35 PM,f8b5cbd1-0abe-483b-8b16-956044dc0119,1.3,"(-0.2, 1.9, -7.5)","(0.0, 0.0, 0.0)","(0.0, 0.0, 0.0)",
PLAYER_LOCATION,24231,9/7/2023 3:33:36 PM,f8b5cbd1-0abe-483b-8b16-956044dc0119,1.3,"(-0.1, 1.9, -7.7)","(0.0, 0.0, 0.0)","(0.0, 0.0, 0.0)",
PLAYER_LOCATION,24732,9/7/2023 3:33:36 PM,f8b5cbd1-0abe-483b-8b16-956044dc0119,1.3,"(-0.1, 1.9, -7.8)","(0.0, 0.0, 0.0)","(0.0, 0.0, 0.0)",
PLAYER_GAZE,24732,9/7/2023 3:33:36 PM,f8b5cbd1-0abe-483b-8b16-956044dc0119,1.3,"(-4.2, 0.2, -21.5)",Military Mike Jungle Combat_3_2 Root,14.43207,"(4.1, 1.7, 13.7)",
PLAYER_LOCATION,25248,9/7/2023 3:33:37 PM,f8b5cbd1-0abe-483b-8b16-956044dc0119,1.3,"(-0.1, 1.9, -7.8)","(0.0, 0.0, 0.0)","(0.0, 0.0, 0.0)",
TELEPORT,25281,9/7/2023 3:33:37 PM,f8b5cbd1-0abe-483b-8b16-956044dc0119,1.3,"(0.3, 0.0, -7.3)",
PLAYER_LOCATION,25747,9/7/2023 3:33:37 PM,f8b5cbd1-0abe-483b-8b16-956044dc0119,1.3,"(0.0, 1.8, -8.1)","(0.0, 0.0, 0.0)","(0.0, 0.0, 0.0)",
PLAYER_LOCATION,26265,9/7/2023 3:33:38 PM,f8b5cbd1-0abe-483b-8b16-956044dc0119,1.3,"(-0.2, 1.9, -8.4)","(0.0, 0.0, 0.0)","(0.0, 0.0, 0.0)",
PLAYER_LOCATION,26765,9/7/2023 3:33:38 PM,f8b5cbd1-0abe-483b-8b16-956044dc0119,1.3,"(-0.2, 1.8, -8.7)","(0.0, 0.0, 0.0)","(0.0, 0.0, 0.0)",
PLAYER_LOCATION,27266,9/7/2023 3:33:39 PM,f8b5cbd1-0abe-483b-8b16-956044dc0119,1.3,"(-0.4, 1.8, -8.9)","(0.0, 0.0, 0.0)","(0.0, 0.0, 0.0)",
VOICE_CAPTURE,27465,9/7/2023 3:33:39 PM,f8b5cbd1-0abe-483b-8b16-956044dc0119,1.3,so I don't have a gun,NA,
PLAYER_LOCATION,27782,9/7/2023 3:33:39 PM,f8b5cbd1-0abe-483b-8b16-956044dc0119,1.3,"(-0.5, 1.9, -9.1)","(0.0, 0.0, 0.0)","(0.0, 0.0, 0.0)",
PLAYER_LOCATION,28283,9/7/2023 3:33:40 PM,f8b5cbd1-0abe-483b-8b16-956044dc0119,1.3,"(-0.5, 1.9, -9.1)","(0.0, 0.0, 0.0)","(0.0, 0.0, 0.0)",
TELEPORT,28670,9/7/2023 3:33:40 PM,f8b5cbd1-0abe-483b-8b16-956044dc0119,1.3,"(0.3, 0.0, -7.3)",
PLAYER_LOCATION,28787,9/7/2023 3:33:40 PM,f8b5cbd1-0abe-483b-8b16-956044dc0119,1.3,"(-0.5, 1.9, -9.2)","(0.0, 0.0, 0.0)","(0.0, 0.0, 0.0)",
PLAYER_LOCATION,29292,9/7/2023 3:33:41 PM,f8b5cbd1-0abe-483b-8b16-956044dc0119,1.3,"(-0.5, 1.8, -9.5)","(0.0, 0.0, 0.0)","(0.0, 0.0, 0.0)",
PLAYER_LOCATION,29804,9/7/2023 3:33:41 PM,f8b5cbd1-0abe-483b-8b16-956044dc0119,1.3,"(-0.7, 1.8, -9.7)","(0.0, 0.0, 0.0)","(0.0, 0.0, 0.0)",
PLAYER_LOCATION,30316,9/7/2023 3:33:42 PM,f8b5cbd1-0abe-483b-8b16-956044dc0119,1.3,"(-0.8, 1.8, -9.9)","(0.0, 0.0, 0.0)","(0.0, 0.0, 0.0)",
PLAYER_LOCATION,30816,9/7/2023 3:33:42 PM,f8b5cbd1-0abe-483b-8b16-956044dc0119,1.3,"(-0.8, 1.8, -9.9)","(0.0, 0.0, 0.0)","(0.0, 0.0, 0.0)",
TELEPORT,30880,9/7/2023 3:33:42 PM,f8b5cbd1-0abe-483b-8b16-956044dc0119,1.3,"(0.3, 0.0, -7.3)",
PLAYER_LOCATION,31320,9/7/2023 3:33:43 PM,f8b5cbd1-0abe-483b-8b16-956044dc0119,1.3,"(-1.0, 1.9, -10.2)","(0.0, 0.0, 0.0)","(0.0, 0.0, 0.0)",
VOICE_CAPTURE,31494,9/7/2023 3:33:43 PM,f8b5cbd1-0abe-483b-8b16-956044dc0119,1.3,we're gonna tell you that,NA,
PLAYER_LOCATION,31825,9/7/2023 3:33:43 PM,f8b5cbd1-0abe-483b-8b16-956044dc0119,1.3,"(-1.2, 1.9, -10.4)","(0.0, 0.0, 0.0)","(0.0, 0.0, 0.0)",
PLAYER_LOCATION,32325,9/7/2023 3:33:44 PM,f8b5cbd1-0abe-483b-8b16-956044dc0119,1.3,"(-1.3, 1.9, -10.8)","(0.0, 0.0, 0.0)","(0.0, 0.0, 0.0)",
PLAYER_LOCATION,32830,9/7/2023 3:33:44 PM,f8b5cbd1-0abe-483b-8b16-956044dc0119,1.3,"(-1.3, 1.9, -11.1)","(0.0, 0.0, 0.0)","(0.0, 0.0, 0.0)",
PLAYER_GAZE,32830,9/7/2023 3:33:44 PM,f8b5cbd1-0abe-483b-8b16-956044dc0119,1.3,"(-4.2, 0.2, -21.5)",Military Mike Jungle Combat_3_2 Root,10.89839,"(2.9, 1.8, 10.4)",
VOICE_CAPTURE,32946,9/7/2023 3:33:44 PM,f8b5cbd1-0abe-483b-8b16-956044dc0119,1.3,OK,NA,
PLAYER_LOCATION,33334,9/7/2023 3:33:45 PM,f8b5cbd1-0abe-483b-8b16-956044dc0119,1.3,"(-1.5, 1.9, -11.5)","(0.0, 0.0, 0.0)","(0.0, 0.0, 0.0)",
PLAYER_GAZE,33334,9/7/2023 3:33:45 PM,f8b5cbd1-0abe-483b-8b16-956044dc0119,1.3,"(-4.2, 0.2, -21.5)",Military Mike Jungle Combat_3_2 Root,10.54937,"(2.7, 1.8, 10.0)",
PLAYER_LOCATION,33846,9/7/2023 3:33:45 PM,f8b5cbd1-0abe-483b-8b16-956044dc0119,1.3,"(-1.6, 1.8, -11.8)","(0.0, 0.0, 0.0)","(0.0, 0.0, 0.0)",
PLAYER_GAZE,33846,9/7/2023 3:33:45 PM,f8b5cbd1-0abe-483b-8b16-956044dc0119,1.3,"(-4.2, 0.2, -21.5)",Military Mike Jungle Combat_3_2 Root,10.15391,"(2.6, 1.6, 9.7)",
PLAYER_LOCATION,34353,9/7/2023 3:33:46 PM,f8b5cbd1-0abe-483b-8b16-956044dc0119,1.3,"(-1.7, 1.8, -12.2)","(0.0, 0.0, 0.0)","(0.0, 0.0, 0.0)",
PLAYER_GAZE,34353,9/7/2023 3:33:46 PM,f8b5cbd1-0abe-483b-8b16-956044dc0119,1.3,"(-4.2, 0.2, -21.5)",Military Mike Jungle Combat_3_2 Root,9.777427,"(2.5, 1.6, 9.3)",
PLAYER_LOCATION,34854,9/7/2023 3:33:46 PM,f8b5cbd1-0abe-483b-8b16-956044dc0119,1.3,"(-1.7, 1.8, -12.4)","(0.0, 0.0, 0.0)","(0.0, 0.0, 0.0)",
TELEPORT,34908,9/7/2023 3:33:46 PM,f8b5cbd1-0abe-483b-8b16-956044dc0119,1.3,"(0.3, 0.0, -7.3)",
PLAYER_LOCATION,35357,9/7/2023 3:33:47 PM,f8b5cbd1-0abe-483b-8b16-956044dc0119,1.3,"(-1.9, 1.8, -12.7)","(0.0, 0.0, 0.0)","(0.0, 0.0, 0.0)",
PLAYER_LOCATION,35873,9/7/2023 3:33:47 PM,f8b5cbd1-0abe-483b-8b16-956044dc0119,1.3,"(-2.0, 1.8, -12.8)","(0.0, 0.0, 0.0)","(0.0, 0.0, 0.0)",
PLAYER_LOCATION,36373,9/7/2023 3:33:48 PM,f8b5cbd1-0abe-483b-8b16-956044dc0119,1.3,"(-2.0, 1.8, -12.8)","(0.0, 0.0, 0.0)","(0.0, 0.0, 0.0)",
TELEPORT,36756,9/7/2023 3:33:48 PM,f8b5cbd1-0abe-483b-8b16-956044dc0119,1.3,"(0.3, 0.0, -7.3)",
PLAYER_LOCATION,36873,9/7/2023 3:33:48 PM,f8b5cbd1-0abe-483b-8b16-956044dc0119,1.3,"(-2.1, 1.8, -12.9)","(0.0, 0.0, 0.0)","(0.0, 0.0, 0.0)",
PLAYER_GAZE,36873,9/7/2023 3:33:48 PM,f8b5cbd1-0abe-483b-8b16-956044dc0119,1.3,"(-3.8, 0.2, -14.5)",Military Mike Jungle Combat_1_5 Root,2.824805,"(1.7, 1.6, 1.6)",
PLAYER_LOCATION,37375,9/7/2023 3:33:49 PM,f8b5cbd1-0abe-483b-8b16-956044dc0119,1.3,"(-2.3, 1.8, -13.2)","(0.0, 0.0, 0.0)","(0.0, 0.0, 0.0)",
PLAYER_LOCATION,37895,9/7/2023 3:33:49 PM,f8b5cbd1-0abe-483b-8b16-956044dc0119,1.3,"(-2.5, 1.8, -13.4)","(0.0, 0.0, 0.0)","(0.0, 0.0, 0.0)",
VOICE_CAPTURE,38033,9/7/2023 3:33:50 PM,f8b5cbd1-0abe-483b-8b16-956044dc0119,1.3,yeah,NA,
PLAYER_LOCATION,38410,9/7/2023 3:33:50 PM,f8b5cbd1-0abe-483b-8b16-956044dc0119,1.3,"(-2.8, 1.8, -13.7)","(0.0, 0.0, 0.0)","(0.0, 0.0, 0.0)",
TELEPORT,38642,9/7/2023 3:33:50 PM,f8b5cbd1-0abe-483b-8b16-956044dc0119,1.3,"(0.3, 0.0, -7.3)",
PLAYER_LOCATION,38927,9/7/2023 3:33:50 PM,f8b5cbd1-0abe-483b-8b16-956044dc0119,1.3,"(-2.8, 1.8, -13.8)","(0.0, 0.0, 0.0)","(0.0, 0.0, 0.0)",
PLAYER_LOCATION,39449,9/7/2023 3:33:51 PM,f8b5cbd1-0abe-483b-8b16-956044dc0119,1.3,"(-3.1, 1.9, -13.9)","(0.0, 0.0, 0.0)","(0.0, 0.0, 0.0)",
PLAYER_LOCATION,39957,9/7/2023 3:33:51 PM,f8b5cbd1-0abe-483b-8b16-956044dc0119,1.3,"(-3.1, 1.9, -13.9)","(0.0, 0.0, 0.0)","(0.0, 0.0, 0.0)",
PLAYER_LOCATION,40467,9/7/2023 3:33:52 PM,f8b5cbd1-0abe-483b-8b16-956044dc0119,1.3,"(-3.1, 1.9, -13.9)","(0.0, 0.0, 0.0)","(0.0, 0.0, 0.0)",
PATIENT_ENGAGED,40681,9/7/2023 3:33:52 PM,f8b5cbd1-0abe-483b-8b16-956044dc0119,1.3,100,128,Military Mike Jungle Combat_1_5 Root,"(-3.8, 0.3, -14.6)","(0.0, 0.4, 0.0, 0.9)",MINIMAL,waver,normal,normal,normal,calm,standing,
TELEPORT,40881,9/7/2023 3:33:52 PM,f8b5cbd1-0abe-483b-8b16-956044dc0119,1.3,"(0.3, 0.0, -7.3)",
PLAYER_LOCATION,40984,9/7/2023 3:33:53 PM,f8b5cbd1-0abe-483b-8b16-956044dc0119,1.3,"(-3.1, 1.9, -14.0)","(0.0, 0.0, 0.0)","(0.0, 0.0, 0.0)",
PLAYER_LOCATION,41499,9/7/2023 3:33:53 PM,f8b5cbd1-0abe-483b-8b16-956044dc0119,1.3,"(-3.3, 1.9, -14.1)","(0.0, 0.0, 0.0)","(0.0, 0.0, 0.0)",
VOICE_CAPTURE,41969,9/7/2023 3:33:53 PM,f8b5cbd1-0abe-483b-8b16-956044dc0119,1.3,modbutton im okay,NA,
VOICE_COMMAND,41969,9/7/2023 3:33:53 PM,f8b5cbd1-0abe-483b-8b16-956044dc0119,1.3,modbutton im okay,modbutton im okay,
PLAYER_LOCATION,42002,9/7/2023 3:33:54 PM,f8b5cbd1-0abe-483b-8b16-956044dc0119,1.3,"(-3.3, 1.9, -14.1)","(0.0, 0.0, 0.0)","(0.0, 0.0, 0.0)",
VOICE_CAPTURE,42673,9/7/2023 3:33:54 PM,f8b5cbd1-0abe-483b-8b16-956044dc0119,1.3,are you OK,NA,
VOICE_COMMAND,42673,9/7/2023 3:33:54 PM,f8b5cbd1-0abe-483b-8b16-956044dc0119,1.3,are you hurt,are you OK,
TELEPORT,46412,9/7/2023 3:33:58 PM,f8b5cbd1-0abe-483b-8b16-956044dc0119,1.3,"(0.3, 0.0, -7.3)",
TELEPORT,47546,9/7/2023 3:33:59 PM,f8b5cbd1-0abe-483b-8b16-956044dc0119,1.3,"(0.3, 0.0, -7.3)",
VOICE_CAPTURE,48097,9/7/2023 3:34:00 PM,f8b5cbd1-0abe-483b-8b16-956044dc0119,1.3,you're good I don't see anything yeah,NA,
TELEPORT,49067,9/7/2023 3:34:01 PM,f8b5cbd1-0abe-483b-8b16-956044dc0119,1.3,"(0.3, 0.0, -7.3)",
TELEPORT,49284,9/7/2023 3:34:01 PM,f8b5cbd1-0abe-483b-8b16-956044dc0119,1.3,"(0.3, 0.0, -7.3)",
TELEPORT,51010,9/7/2023 3:34:03 PM,f8b5cbd1-0abe-483b-8b16-956044dc0119,1.3,"(0.3, 0.0, -7.3)",
TELEPORT,51076,9/7/2023 3:34:03 PM,f8b5cbd1-0abe-483b-8b16-956044dc0119,1.3,"(0.3, 0.0, -7.3)",
TELEPORT,52160,9/7/2023 3:34:04 PM,f8b5cbd1-0abe-483b-8b16-956044dc0119,1.3,"(0.3, 0.0, -7.3)",
VOICE_CAPTURE,54116,9/7/2023 3:34:06 PM,f8b5cbd1-0abe-483b-8b16-956044dc0119,1.3,OK so he's good,NA,
TELEPORT,54699,9/7/2023 3:34:06 PM,f8b5cbd1-0abe-483b-8b16-956044dc0119,1.3,"(0.3, 0.0, -7.3)",
TELEPORT,56085,9/7/2023 3:34:08 PM,f8b5cbd1-0abe-483b-8b16-956044dc0119,1.3,"(0.3, 0.0, -7.3)",
VOICE_CAPTURE,56215,9/7/2023 3:34:08 PM,f8b5cbd1-0abe-483b-8b16-956044dc0119,1.3,OK,NA,
TELEPORT,57989,9/7/2023 3:34:10 PM,f8b5cbd1-0abe-483b-8b16-956044dc0119,1.3,"(0.3, 0.0, -7.3)",
VOICE_CAPTURE,62742,9/7/2023 3:34:14 PM,f8b5cbd1-0abe-483b-8b16-956044dc0119,1.3,OK,NA,
TELEPORT,62940,9/7/2023 3:34:14 PM,f8b5cbd1-0abe-483b-8b16-956044dc0119,1.3,"(0.3, 0.0, -7.3)",
TELEPORT,63525,9/7/2023 3:34:15 PM,f8b5cbd1-0abe-483b-8b16-956044dc0119,1.3,"(0.3, 0.0, -7.3)",
VOICE_CAPTURE,64840,9/7/2023 3:34:16 PM,f8b5cbd1-0abe-483b-8b16-956044dc0119,1.3,Oh yeah,NA,
TELEPORT,66891,9/7/2023 3:34:18 PM,f8b5cbd1-0abe-483b-8b16-956044dc0119,1.3,"(1.0, 0.4, -7.5)",
TELEPORT,69110,9/7/2023 3:34:21 PM,f8b5cbd1-0abe-483b-8b16-956044dc0119,1.3,"(3.6, 0.5, -9.2)",
TELEPORT,70907,9/7/2023 3:34:22 PM,f8b5cbd1-0abe-483b-8b16-956044dc0119,1.3,"(3.6, 0.5, -9.2)",
TELEPORT,71765,9/7/2023 3:34:23 PM,f8b5cbd1-0abe-483b-8b16-956044dc0119,1.3,"(3.6, 0.5, -9.2)",
TELEPORT,72594,9/7/2023 3:34:24 PM,f8b5cbd1-0abe-483b-8b16-956044dc0119,1.3,"(3.6, 0.5, -9.2)",
VOICE_CAPTURE,73312,9/7/2023 3:34:25 PM,f8b5cbd1-0abe-483b-8b16-956044dc0119,1.3,OK,NA,
TELEPORT,74049,9/7/2023 3:34:26 PM,f8b5cbd1-0abe-483b-8b16-956044dc0119,1.3,"(3.6, 0.5, -9.2)",
PATIENT_ENGAGED,74534,9/7/2023 3:34:26 PM,f8b5cbd1-0abe-483b-8b16-956044dc0119,1.3,100,Infinity,Military Mike Jungle Burned_0 Root,"(-0.2, 0.4, -21.1)","(0.0, 0.4, 0.0, 0.9)",EXPECTANT,still,fast,fast,normal,dead,supine,
TELEPORT,75272,9/7/2023 3:34:27 PM,f8b5cbd1-0abe-483b-8b16-956044dc0119,1.3,"(3.6, 0.5, -9.2)",
VOICE_CAPTURE,77375,9/7/2023 3:34:29 PM,f8b5cbd1-0abe-483b-8b16-956044dc0119,1.3,can you hear,NA,
VOICE_COMMAND,77375,9/7/2023 3:34:29 PM,f8b5cbd1-0abe-483b-8b16-956044dc0119,1.3,can you hear,can you hear,
VOICE_CAPTURE,77762,9/7/2023 3:34:29 PM,f8b5cbd1-0abe-483b-8b16-956044dc0119,1.3,hey buddy can you hear me,NA,
VOICE_COMMAND,77762,9/7/2023 3:34:29 PM,f8b5cbd1-0abe-483b-8b16-956044dc0119,1.3,can you hear,hey buddy can you hear me,
VOICE_CAPTURE,79344,9/7/2023 3:34:31 PM,f8b5cbd1-0abe-483b-8b16-956044dc0119,1.3,you see,NA,
TELEPORT,79595,9/7/2023 3:34:31 PM,f8b5cbd1-0abe-483b-8b16-956044dc0119,1.3,"(3.6, 0.5, -9.2)",
TELEPORT,83574,9/7/2023 3:34:35 PM,f8b5cbd1-0abe-483b-8b16-956044dc0119,1.3,"(3.6, 0.5, -9.2)",
TELEPORT,85344,9/7/2023 3:34:37 PM,f8b5cbd1-0abe-483b-8b16-956044dc0119,1.3,"(3.6, 0.5, -9.2)",
VOICE_CAPTURE,85975,9/7/2023 3:34:37 PM,f8b5cbd1-0abe-483b-8b16-956044dc0119,1.3,it's three,NA,
TELEPORT,86763,9/7/2023 3:34:38 PM,f8b5cbd1-0abe-483b-8b16-956044dc0119,1.3,"(3.6, 0.5, -9.2)",
TELEPORT,87634,9/7/2023 3:34:39 PM,f8b5cbd1-0abe-483b-8b16-956044dc0119,1.3,"(3.6, 0.5, -9.2)",
VOICE_CAPTURE,88290,9/7/2023 3:34:40 PM,f8b5cbd1-0abe-483b-8b16-956044dc0119,1.3,still breathing,NA,
TELEPORT,88667,9/7/2023 3:34:40 PM,f8b5cbd1-0abe-483b-8b16-956044dc0119,1.3,"(3.6, 0.5, -9.2)",
TELEPORT,90111,9/7/2023 3:34:42 PM,f8b5cbd1-0abe-483b-8b16-956044dc0119,1.3,"(3.6, 0.5, -9.2)",
TELEPORT,90646,9/7/2023 3:34:42 PM,f8b5cbd1-0abe-483b-8b16-956044dc0119,1.3,"(3.6, 0.5, -9.2)",
TELEPORT,92367,9/7/2023 3:34:44 PM,f8b5cbd1-0abe-483b-8b16-956044dc0119,1.3,"(3.6, 0.5, -9.2)",
TELEPORT,96274,9/7/2023 3:34:48 PM,f8b5cbd1-0abe-483b-8b16-956044dc0119,1.3,"(3.6, 0.5, -9.2)",
TELEPORT,96807,9/7/2023 3:34:48 PM,f8b5cbd1-0abe-483b-8b16-956044dc0119,1.3,"(3.6, 0.5, -9.2)",
VOICE_CAPTURE,100897,9/7/2023 3:34:52 PM,f8b5cbd1-0abe-483b-8b16-956044dc0119,1.3,so I would say to that guy if you can administer self administer sulfate she might be able to just,NA,
PATIENT_ENGAGED,101945,9/7/2023 3:34:53 PM,f8b5cbd1-0abe-483b-8b16-956044dc0119,1.3,100,Infinity,Military Mike Jungle Combat_3_2 Root,"(-4.2, 0.2, -21.5)","(0.0, -0.4, 0.0, 0.9)",IMMEDIATE,waver,fast,fast,normal,agony,fetal,
TELEPORT,103472,9/7/2023 3:34:55 PM,f8b5cbd1-0abe-483b-8b16-956044dc0119,1.3,"(3.6, 0.5, -9.2)",
VOICE_CAPTURE,104519,9/7/2023 3:34:56 PM,f8b5cbd1-0abe-483b-8b16-956044dc0119,1.3,hi dude,NA,
TELEPORT,104742,9/7/2023 3:34:56 PM,f8b5cbd1-0abe-483b-8b16-956044dc0119,1.3,"(3.6, 0.5, -9.2)",
BAG_ACCESS,106413,9/7/2023 3:34:58 PM,f8b5cbd1-0abe-483b-8b16-956044dc0119,1.3,"(-3.8, 1.0, -21.3)",
TOOL_HOVER,110709,9/7/2023 3:35:02 PM,f8b5cbd1-0abe-483b-8b16-956044dc0119,1.3,Tourniquet,999,
TOOL_HOVER,110721,9/7/2023 3:35:02 PM,f8b5cbd1-0abe-483b-8b16-956044dc0119,1.3,Tourniquet,999,
TOOL_HOVER,110738,9/7/2023 3:35:02 PM,f8b5cbd1-0abe-483b-8b16-956044dc0119,1.3,Tourniquet,999,
TOOL_HOVER,110754,9/7/2023 3:35:02 PM,f8b5cbd1-0abe-483b-8b16-956044dc0119,1.3,Tourniquet,999,
TOOL_HOVER,110776,9/7/2023 3:35:02 PM,f8b5cbd1-0abe-483b-8b16-956044dc0119,1.3,Tourniquet,999,
TOOL_HOVER,110787,9/7/2023 3:35:02 PM,f8b5cbd1-0abe-483b-8b16-956044dc0119,1.3,Tourniquet,999,
TOOL_HOVER,110804,9/7/2023 3:35:02 PM,f8b5cbd1-0abe-483b-8b16-956044dc0119,1.3,Tourniquet,999,
TOOL_HOVER,110821,9/7/2023 3:35:02 PM,f8b5cbd1-0abe-483b-8b16-956044dc0119,1.3,Tourniquet,999,
TOOL_HOVER,110836,9/7/2023 3:35:02 PM,f8b5cbd1-0abe-483b-8b16-956044dc0119,1.3,Tourniquet,999,
TOOL_HOVER,110861,9/7/2023 3:35:02 PM,f8b5cbd1-0abe-483b-8b16-956044dc0119,1.3,Tourniquet,999,
TOOL_HOVER,110871,9/7/2023 3:35:02 PM,f8b5cbd1-0abe-483b-8b16-956044dc0119,1.3,Tourniquet,999,
TOOL_HOVER,110886,9/7/2023 3:35:02 PM,f8b5cbd1-0abe-483b-8b16-956044dc0119,1.3,Tourniquet,999,
TOOL_SELECTED,110890,9/7/2023 3:35:02 PM,f8b5cbd1-0abe-483b-8b16-956044dc0119,1.3,Tourniquet,998,
VOICE_CAPTURE,111337,9/7/2023 3:35:03 PM,f8b5cbd1-0abe-483b-8b16-956044dc0119,1.3,evening Christmas,NA,
INJURY_TREATED,113420,9/7/2023 3:35:05 PM,f8b5cbd1-0abe-483b-8b16-956044dc0119,1.3,R Shin Amputation,Military Mike Jungle Combat_3_2 Root,tourniquet,high,rightLeg,True,False,"(-4.5, 0.4, -21.5)",
TOOL_APPLIED,113420,9/7/2023 3:35:05 PM,f8b5cbd1-0abe-483b-8b16-956044dc0119,1.3,Military Mike Jungle Combat_3_2 Root,Tourniquet,RightUpLeg (UnityEngine.GameObject),tor_ring (1) (UnityEngine.GameObject),tourniquet(Clone) (UnityEngine.GameObject),AppliedTourniquet,
BAG_CLOSED,114385,9/7/2023 3:35:06 PM,f8b5cbd1-0abe-483b-8b16-956044dc0119,1.3,"(-3.8, 1.1, -21.3)",
TELEPORT,114385,9/7/2023 3:35:06 PM,f8b5cbd1-0abe-483b-8b16-956044dc0119,1.3,"(3.6, 0.5, -9.2)",
VOICE_CAPTURE,115869,9/7/2023 3:35:07 PM,f8b5cbd1-0abe-483b-8b16-956044dc0119,1.3,I think that's pretty obvious,NA,
TELEPORT,115953,9/7/2023 3:35:07 PM,f8b5cbd1-0abe-483b-8b16-956044dc0119,1.3,"(3.6, 0.5, -9.2)",
TELEPORT,118306,9/7/2023 3:35:10 PM,f8b5cbd1-0abe-483b-8b16-956044dc0119,1.3,"(3.6, 0.5, -9.2)",
TELEPORT,119375,9/7/2023 3:35:11 PM,f8b5cbd1-0abe-483b-8b16-956044dc0119,1.3,"(3.6, 0.5, -9.2)",
TELEPORT,120210,9/7/2023 3:35:12 PM,f8b5cbd1-0abe-483b-8b16-956044dc0119,1.3,"(3.6, 0.5, -9.2)",
VOICE_CAPTURE,120780,9/7/2023 3:35:12 PM,f8b5cbd1-0abe-483b-8b16-956044dc0119,1.3,can you hear me how you doing,NA,
VOICE_COMMAND,120783,9/7/2023 3:35:12 PM,f8b5cbd1-0abe-483b-8b16-956044dc0119,1.3,can you hear,can you hear me how you doing,
TELEPORT,122549,9/7/2023 3:35:14 PM,f8b5cbd1-0abe-483b-8b16-956044dc0119,1.3,"(3.6, 0.5, -9.2)",
TELEPORT,123784,9/7/2023 3:35:15 PM,f8b5cbd1-0abe-483b-8b16-956044dc0119,1.3,"(3.6, 0.5, -9.2)",
VOICE_CAPTURE,123922,9/7/2023 3:35:15 PM,f8b5cbd1-0abe-483b-8b16-956044dc0119,1.3,I remember can we roll them over,NA,
VOICE_CAPTURE,125255,9/7/2023 3:35:17 PM,f8b5cbd1-0abe-483b-8b16-956044dc0119,1.3,yeah,NA,
TELEPORT,126006,9/7/2023 3:35:18 PM,f8b5cbd1-0abe-483b-8b16-956044dc0119,1.3,"(3.6, 0.5, -9.2)",
TELEPORT,127967,9/7/2023 3:35:19 PM,f8b5cbd1-0abe-483b-8b16-956044dc0119,1.3,"(3.6, 0.5, -9.2)",
VOICE_CAPTURE,128624,9/7/2023 3:35:20 PM,f8b5cbd1-0abe-483b-8b16-956044dc0119,1.3,can you lie on your back,NA,
VOICE_COMMAND,128624,9/7/2023 3:35:20 PM,f8b5cbd1-0abe-483b-8b16-956044dc0119,1.3,lay down,can you lie on your back,
VOICE_CAPTURE,129437,9/7/2023 3:35:21 PM,f8b5cbd1-0abe-483b-8b16-956044dc0119,1.3,4,NA,
TELEPORT,130574,9/7/2023 3:35:22 PM,f8b5cbd1-0abe-483b-8b16-956044dc0119,1.3,"(3.6, 0.5, -9.2)",
TELEPORT,131961,9/7/2023 3:35:23 PM,f8b5cbd1-0abe-483b-8b16-956044dc0119,1.3,"(3.6, 0.5, -9.2)",
TELEPORT,133215,9/7/2023 3:35:25 PM,f8b5cbd1-0abe-483b-8b16-956044dc0119,1.3,"(3.6, 0.5, -9.2)",
TELEPORT,137083,9/7/2023 3:35:29 PM,f8b5cbd1-0abe-483b-8b16-956044dc0119,1.3,"(3.6, 0.5, -9.2)",
TELEPORT,137877,9/7/2023 3:35:29 PM,f8b5cbd1-0abe-483b-8b16-956044dc0119,1.3,"(3.6, 0.5, -9.2)",
TELEPORT,138610,9/7/2023 3:35:30 PM,f8b5cbd1-0abe-483b-8b16-956044dc0119,1.3,"(3.6, 0.5, -9.2)",
TELEPORT,139211,9/7/2023 3:35:31 PM,f8b5cbd1-0abe-483b-8b16-956044dc0119,1.3,"(3.6, 0.5, -9.2)",
TELEPORT,140548,9/7/2023 3:35:32 PM,f8b5cbd1-0abe-483b-8b16-956044dc0119,1.3,"(3.6, 0.5, -9.2)",
TELEPORT,141715,9/7/2023 3:35:33 PM,f8b5cbd1-0abe-483b-8b16-956044dc0119,1.3,"(3.6, 0.5, -9.2)",
VOICE_CAPTURE,143715,9/7/2023 3:35:35 PM,f8b5cbd1-0abe-483b-8b16-956044dc0119,1.3,you were in an ID and it looks like you're good,NA,
TELEPORT,143997,9/7/2023 3:35:36 PM,f8b5cbd1-0abe-483b-8b16-956044dc0119,1.3,"(3.6, 0.5, -9.2)",
TELEPORT,144814,9/7/2023 3:35:36 PM,f8b5cbd1-0abe-483b-8b16-956044dc0119,1.3,"(3.6, 0.5, -9.2)",
TELEPORT,145783,9/7/2023 3:35:37 PM,f8b5cbd1-0abe-483b-8b16-956044dc0119,1.3,"(3.6, 0.5, -9.2)",
VOICE_CAPTURE,147801,9/7/2023 3:35:39 PM,f8b5cbd1-0abe-483b-8b16-956044dc0119,1.3,yes,NA,
BAG_ACCESS,149737,9/7/2023 3:35:41 PM,f8b5cbd1-0abe-483b-8b16-956044dc0119,1.3,"(-4.1, 1.0, -20.9)",
VOICE_CAPTURE,152216,9/7/2023 3:35:44 PM,f8b5cbd1-0abe-483b-8b16-956044dc0119,1.3,oh man,NA,
TAG_SELECTED,153000,9/7/2023 3:35:45 PM,f8b5cbd1-0abe-483b-8b16-956044dc0119,1.3,red,
TAG_DISCARDED,155825,9/7/2023 3:35:47 PM,f8b5cbd1-0abe-483b-8b16-956044dc0119,1.3,red,"(-3.8, 0.5, -21.3)",
PULSE_TAKEN,159829,9/7/2023 3:35:51 PM,f8b5cbd1-0abe-483b-8b16-956044dc0119,1.3,pulse_fast,Military Mike Jungle Combat_3_2 Root,
PULSE_TAKEN,160482,9/7/2023 3:35:52 PM,f8b5cbd1-0abe-483b-8b16-956044dc0119,1.3,pulse_fast,Military Mike Jungle Combat_3_2 Root,
VOICE_CAPTURE,160651,9/7/2023 3:35:52 PM,f8b5cbd1-0abe-483b-8b16-956044dc0119,1.3,for this one,NA,
PULSE_TAKEN,162720,9/7/2023 3:35:54 PM,f8b5cbd1-0abe-483b-8b16-956044dc0119,1.3,pulse_fast,Military Mike Jungle Combat_3_2 Root,
TAG_SELECTED,165075,9/7/2023 3:35:57 PM,f8b5cbd1-0abe-483b-8b16-956044dc0119,1.3,red,
VOICE_CAPTURE,165951,9/7/2023 3:35:57 PM,f8b5cbd1-0abe-483b-8b16-956044dc0119,1.3,I don't know where it went,NA,
TAG_APPLIED,167068,9/7/2023 3:35:59 PM,f8b5cbd1-0abe-483b-8b16-956044dc0119,1.3,Military Mike Jungle Combat_3_2 Root,red,
VOICE_CAPTURE,167616,9/7/2023 3:35:59 PM,f8b5cbd1-0abe-483b-8b16-956044dc0119,1.3,come back,NA,
BAG_CLOSED,168234,9/7/2023 3:36:00 PM,f8b5cbd1-0abe-483b-8b16-956044dc0119,1.3,"(-4.1, 1.0, -20.9)",
TELEPORT,168234,9/7/2023 3:36:00 PM,f8b5cbd1-0abe-483b-8b16-956044dc0119,1.3,"(3.6, 0.5, -9.2)",
TELEPORT,169102,9/7/2023 3:36:01 PM,f8b5cbd1-0abe-483b-8b16-956044dc0119,1.3,"(3.6, 0.5, -9.2)",
VOICE_CAPTURE,169751,9/7/2023 3:36:01 PM,f8b5cbd1-0abe-483b-8b16-956044dc0119,1.3,yeah,NA,
PATIENT_ENGAGED,170587,9/7/2023 3:36:02 PM,f8b5cbd1-0abe-483b-8b16-956044dc0119,1.3,100,0,Intelligence Officer Burned_Gary_1 Root,"(-2.2, 0.3, -22.4)","(0.0, -0.7, 0.0, 0.7)",IMMEDIATE,waver,fast,fast,normal,agony,fetal,
TELEPORT,172473,9/7/2023 3:36:04 PM,f8b5cbd1-0abe-483b-8b16-956044dc0119,1.3,"(3.6, 0.5, -9.2)",
TELEPORT,173329,9/7/2023 3:36:05 PM,f8b5cbd1-0abe-483b-8b16-956044dc0119,1.3,"(3.6, 0.5, -9.2)",
TELEPORT,174131,9/7/2023 3:36:06 PM,f8b5cbd1-0abe-483b-8b16-956044dc0119,1.3,"(3.6, 0.5, -9.2)",
VOICE_CAPTURE,175464,9/7/2023 3:36:07 PM,f8b5cbd1-0abe-483b-8b16-956044dc0119,1.3,so this guy,NA,
VOICE_CAPTURE,178705,9/7/2023 3:36:10 PM,f8b5cbd1-0abe-483b-8b16-956044dc0119,1.3,can you hear,NA,
VOICE_COMMAND,178706,9/7/2023 3:36:10 PM,f8b5cbd1-0abe-483b-8b16-956044dc0119,1.3,can you hear,can you hear,
TOOL_HOVER,178755,9/7/2023 3:36:10 PM,f8b5cbd1-0abe-483b-8b16-956044dc0119,1.3,Tourniquet,998,
TOOL_HOVER,178774,9/7/2023 3:36:10 PM,f8b5cbd1-0abe-483b-8b16-956044dc0119,1.3,Tourniquet,998,
TOOL_HOVER,178792,9/7/2023 3:36:10 PM,f8b5cbd1-0abe-483b-8b16-956044dc0119,1.3,Tourniquet,998,
TOOL_HOVER,178806,9/7/2023 3:36:10 PM,f8b5cbd1-0abe-483b-8b16-956044dc0119,1.3,Tourniquet,998,
TOOL_HOVER,178824,9/7/2023 3:36:10 PM,f8b5cbd1-0abe-483b-8b16-956044dc0119,1.3,Tourniquet,998,
TOOL_HOVER,178844,9/7/2023 3:36:10 PM,f8b5cbd1-0abe-483b-8b16-956044dc0119,1.3,Tourniquet,998,
VOICE_CAPTURE,178875,9/7/2023 3:36:10 PM,f8b5cbd1-0abe-483b-8b16-956044dc0119,1.3,hey how you doing can you hear me,NA,
VOICE_COMMAND,178875,9/7/2023 3:36:10 PM,f8b5cbd1-0abe-483b-8b16-956044dc0119,1.3,can you hear,hey how you doing can you hear me,
TOOL_HOVER,179057,9/7/2023 3:36:11 PM,f8b5cbd1-0abe-483b-8b16-956044dc0119,1.3,Tourniquet,998,
TOOL_HOVER,179076,9/7/2023 3:36:11 PM,f8b5cbd1-0abe-483b-8b16-956044dc0119,1.3,Tourniquet,998,
TOOL_HOVER,179089,9/7/2023 3:36:11 PM,f8b5cbd1-0abe-483b-8b16-956044dc0119,1.3,Tourniquet,998,
TOOL_HOVER,179107,9/7/2023 3:36:11 PM,f8b5cbd1-0abe-483b-8b16-956044dc0119,1.3,Tourniquet,998,
TOOL_HOVER,179124,9/7/2023 3:36:11 PM,f8b5cbd1-0abe-483b-8b16-956044dc0119,1.3,Tourniquet,998,
TOOL_HOVER,179142,9/7/2023 3:36:11 PM,f8b5cbd1-0abe-483b-8b16-956044dc0119,1.3,Tourniquet,998,
TOOL_HOVER,179572,9/7/2023 3:36:11 PM,f8b5cbd1-0abe-483b-8b16-956044dc0119,1.3,Tourniquet,998,
TOOL_HOVER,179591,9/7/2023 3:36:11 PM,f8b5cbd1-0abe-483b-8b16-956044dc0119,1.3,Tourniquet,998,
TOOL_HOVER,179610,9/7/2023 3:36:11 PM,f8b5cbd1-0abe-483b-8b16-956044dc0119,1.3,Tourniquet,998,
TOOL_HOVER,179623,9/7/2023 3:36:11 PM,f8b5cbd1-0abe-483b-8b16-956044dc0119,1.3,Tourniquet,998,
TOOL_HOVER,179643,9/7/2023 3:36:11 PM,f8b5cbd1-0abe-483b-8b16-956044dc0119,1.3,Tourniquet,998,
TOOL_HOVER,180865,9/7/2023 3:36:12 PM,f8b5cbd1-0abe-483b-8b16-956044dc0119,1.3,Tourniquet,998,
TOOL_HOVER,180875,9/7/2023 3:36:12 PM,f8b5cbd1-0abe-483b-8b16-956044dc0119,1.3,Tourniquet,998,
TOOL_HOVER,180896,9/7/2023 3:36:12 PM,f8b5cbd1-0abe-483b-8b16-956044dc0119,1.3,Tourniquet,998,
TOOL_HOVER,180915,9/7/2023 3:36:12 PM,f8b5cbd1-0abe-483b-8b16-956044dc0119,1.3,Tourniquet,998,
TOOL_HOVER,180928,9/7/2023 3:36:12 PM,f8b5cbd1-0abe-483b-8b16-956044dc0119,1.3,Tourniquet,998,
TOOL_HOVER,180942,9/7/2023 3:36:12 PM,f8b5cbd1-0abe-483b-8b16-956044dc0119,1.3,Tourniquet,998,
TOOL_HOVER,180959,9/7/2023 3:36:12 PM,f8b5cbd1-0abe-483b-8b16-956044dc0119,1.3,Tourniquet,998,
TOOL_HOVER,180980,9/7/2023 3:36:13 PM,f8b5cbd1-0abe-483b-8b16-956044dc0119,1.3,Tourniquet,998,
TOOL_HOVER,180992,9/7/2023 3:36:13 PM,f8b5cbd1-0abe-483b-8b16-956044dc0119,1.3,Tourniquet,998,
TOOL_HOVER,181010,9/7/2023 3:36:13 PM,f8b5cbd1-0abe-483b-8b16-956044dc0119,1.3,Tourniquet,998,
TOOL_HOVER,181029,9/7/2023 3:36:13 PM,f8b5cbd1-0abe-483b-8b16-956044dc0119,1.3,Tourniquet,998,
TOOL_HOVER,181042,9/7/2023 3:36:13 PM,f8b5cbd1-0abe-483b-8b16-956044dc0119,1.3,Tourniquet,998,
TOOL_HOVER,181060,9/7/2023 3:36:13 PM,f8b5cbd1-0abe-483b-8b16-956044dc0119,1.3,Tourniquet,998,
TOOL_HOVER,181081,9/7/2023 3:36:13 PM,f8b5cbd1-0abe-483b-8b16-956044dc0119,1.3,Tourniquet,998,
TOOL_HOVER,181092,9/7/2023 3:36:13 PM,f8b5cbd1-0abe-483b-8b16-956044dc0119,1.3,Tourniquet,998,
TOOL_HOVER,181114,9/7/2023 3:36:13 PM,f8b5cbd1-0abe-483b-8b16-956044dc0119,1.3,Tourniquet,998,
TOOL_HOVER,181134,9/7/2023 3:36:13 PM,f8b5cbd1-0abe-483b-8b16-956044dc0119,1.3,Tourniquet,998,
TOOL_HOVER,181160,9/7/2023 3:36:13 PM,f8b5cbd1-0abe-483b-8b16-956044dc0119,1.3,Tourniquet,998,
TOOL_HOVER,181368,9/7/2023 3:36:13 PM,f8b5cbd1-0abe-483b-8b16-956044dc0119,1.3,Tourniquet,998,
TOOL_HOVER,181383,9/7/2023 3:36:13 PM,f8b5cbd1-0abe-483b-8b16-956044dc0119,1.3,Tourniquet,998,
TOOL_HOVER,181400,9/7/2023 3:36:13 PM,f8b5cbd1-0abe-483b-8b16-956044dc0119,1.3,Tourniquet,998,
TOOL_HOVER,181418,9/7/2023 3:36:13 PM,f8b5cbd1-0abe-483b-8b16-956044dc0119,1.3,Tourniquet,998,
TOOL_HOVER,181434,9/7/2023 3:36:13 PM,f8b5cbd1-0abe-483b-8b16-956044dc0119,1.3,Tourniquet,998,
TOOL_HOVER,181450,9/7/2023 3:36:13 PM,f8b5cbd1-0abe-483b-8b16-956044dc0119,1.3,Tourniquet,998,
BAG_ACCESS,182084,9/7/2023 3:36:14 PM,f8b5cbd1-0abe-483b-8b16-956044dc0119,1.3,"(-2.3, 0.8, -21.8)",
VOICE_CAPTURE,182316,9/7/2023 3:36:14 PM,f8b5cbd1-0abe-483b-8b16-956044dc0119,1.3,can you roll over on your back,NA,
VOICE_COMMAND,182316,9/7/2023 3:36:14 PM,f8b5cbd1-0abe-483b-8b16-956044dc0119,1.3,lay down,can you roll over on your back,
VOICE_CAPTURE,186660,9/7/2023 3:36:18 PM,f8b5cbd1-0abe-483b-8b16-956044dc0119,1.3,thank you,NA,
VOICE_CAPTURE,188787,9/7/2023 3:36:20 PM,f8b5cbd1-0abe-483b-8b16-956044dc0119,1.3,modbutton groan,NA,
VOICE_COMMAND,188787,9/7/2023 3:36:20 PM,f8b5cbd1-0abe-483b-8b16-956044dc0119,1.3,modbutton groan,modbutton groan,
BAG_CLOSED,190517,9/7/2023 3:36:22 PM,f8b5cbd1-0abe-483b-8b16-956044dc0119,1.3,"(-2.3, 0.8, -21.8)",
TELEPORT,190517,9/7/2023 3:36:22 PM,f8b5cbd1-0abe-483b-8b16-956044dc0119,1.3,"(3.6, 0.5, -9.2)",
VOICE_CAPTURE,191489,9/7/2023 3:36:23 PM,f8b5cbd1-0abe-483b-8b16-956044dc0119,1.3,so I don't see any other thing,NA,
TELEPORT,191527,9/7/2023 3:36:23 PM,f8b5cbd1-0abe-483b-8b16-956044dc0119,1.3,"(3.6, 0.5, -9.2)",
TELEPORT,192272,9/7/2023 3:36:24 PM,f8b5cbd1-0abe-483b-8b16-956044dc0119,1.3,"(3.6, 0.5, -9.2)",
VOICE_CAPTURE,193090,9/7/2023 3:36:25 PM,f8b5cbd1-0abe-483b-8b16-956044dc0119,1.3,modbutton groan,NA,
VOICE_COMMAND,193090,9/7/2023 3:36:25 PM,f8b5cbd1-0abe-483b-8b16-956044dc0119,1.3,modbutton groan,modbutton groan,
VOICE_CAPTURE,196703,9/7/2023 3:36:28 PM,f8b5cbd1-0abe-483b-8b16-956044dc0119,1.3,yeah,NA,
TOOL_HOVER,196868,9/7/2023 3:36:28 PM,f8b5cbd1-0abe-483b-8b16-956044dc0119,1.3,Needle,999,
TOOL_HOVER,196885,9/7/2023 3:36:28 PM,f8b5cbd1-0abe-483b-8b16-956044dc0119,1.3,Needle,999,
TOOL_HOVER,196904,9/7/2023 3:36:28 PM,f8b5cbd1-0abe-483b-8b16-956044dc0119,1.3,Needle,999,
TOOL_HOVER,196917,9/7/2023 3:36:28 PM,f8b5cbd1-0abe-483b-8b16-956044dc0119,1.3,Needle,999,
TOOL_HOVER,196935,9/7/2023 3:36:28 PM,f8b5cbd1-0abe-483b-8b16-956044dc0119,1.3,Needle,999,
TOOL_HOVER,196952,9/7/2023 3:36:28 PM,f8b5cbd1-0abe-483b-8b16-956044dc0119,1.3,Needle,999,
TOOL_HOVER,197069,9/7/2023 3:36:29 PM,f8b5cbd1-0abe-483b-8b16-956044dc0119,1.3,Tourniquet,998,
TOOL_HOVER,197085,9/7/2023 3:36:29 PM,f8b5cbd1-0abe-483b-8b16-956044dc0119,1.3,Tourniquet,998,
TOOL_HOVER,197104,9/7/2023 3:36:29 PM,f8b5cbd1-0abe-483b-8b16-956044dc0119,1.3,Tourniquet,998,
TOOL_HOVER,197117,9/7/2023 3:36:29 PM,f8b5cbd1-0abe-483b-8b16-956044dc0119,1.3,Tourniquet,998,
TOOL_HOVER,197135,9/7/2023 3:36:29 PM,f8b5cbd1-0abe-483b-8b16-956044dc0119,1.3,Tourniquet,998,
TOOL_HOVER,197151,9/7/2023 3:36:29 PM,f8b5cbd1-0abe-483b-8b16-956044dc0119,1.3,Tourniquet,998,
BAG_ACCESS,199022,9/7/2023 3:36:31 PM,f8b5cbd1-0abe-483b-8b16-956044dc0119,1.3,"(-1.8, 0.8, -21.8)",
BAG_CLOSED,200075,9/7/2023 3:36:32 PM,f8b5cbd1-0abe-483b-8b16-956044dc0119,1.3,"(-1.8, 0.8, -21.8)",
TELEPORT,200075,9/7/2023 3:36:32 PM,f8b5cbd1-0abe-483b-8b16-956044dc0119,1.3,"(3.6, 0.5, -9.2)",
BAG_ACCESS,203552,9/7/2023 3:36:35 PM,f8b5cbd1-0abe-483b-8b16-956044dc0119,1.3,"(-1.9, 0.8, -21.9)",
BAG_CLOSED,204634,9/7/2023 3:36:36 PM,f8b5cbd1-0abe-483b-8b16-956044dc0119,1.3,"(-1.9, 0.8, -21.9)",
TELEPORT,204635,9/7/2023 3:36:36 PM,f8b5cbd1-0abe-483b-8b16-956044dc0119,1.3,"(3.6, 0.5, -9.2)",
VOICE_CAPTURE,205286,9/7/2023 3:36:37 PM,f8b5cbd1-0abe-483b-8b16-956044dc0119,1.3,gosh it's hard to keep up,NA,
TELEPORT,205385,9/7/2023 3:36:37 PM,f8b5cbd1-0abe-483b-8b16-956044dc0119,1.3,"(3.6, 0.5, -9.2)",
TELEPORT,206172,9/7/2023 3:36:38 PM,f8b5cbd1-0abe-483b-8b16-956044dc0119,1.3,"(3.6, 0.5, -9.2)",
TELEPORT,207861,9/7/2023 3:36:39 PM,f8b5cbd1-0abe-483b-8b16-956044dc0119,1.3,"(3.6, 0.5, -9.2)",
TELEPORT,208594,9/7/2023 3:36:40 PM,f8b5cbd1-0abe-483b-8b16-956044dc0119,1.3,"(3.6, 0.5, -9.2)",
TELEPORT,209279,9/7/2023 3:36:41 PM,f8b5cbd1-0abe-483b-8b16-956044dc0119,1.3,"(3.6, 0.5, -9.2)",
TELEPORT,210931,9/7/2023 3:36:42 PM,f8b5cbd1-0abe-483b-8b16-956044dc0119,1.3,"(3.6, 0.5, -9.2)",
TELEPORT,211500,9/7/2023 3:36:43 PM,f8b5cbd1-0abe-483b-8b16-956044dc0119,1.3,"(3.6, 0.5, -9.2)",
TELEPORT,212105,9/7/2023 3:36:44 PM,f8b5cbd1-0abe-483b-8b16-956044dc0119,1.3,"(3.6, 0.5, -9.2)",
VOICE_CAPTURE,213071,9/7/2023 3:36:45 PM,f8b5cbd1-0abe-483b-8b16-956044dc0119,1.3,so I guess,NA,
PULSE_TAKEN,213705,9/7/2023 3:36:45 PM,f8b5cbd1-0abe-483b-8b16-956044dc0119,1.3,pulse_fast,Intelligence Officer Burned_Gary_1 Root,
PULSE_TAKEN,215162,9/7/2023 3:36:47 PM,f8b5cbd1-0abe-483b-8b16-956044dc0119,1.3,pulse_fast,Intelligence Officer Burned_Gary_1 Root,
VOICE_CAPTURE,216288,9/7/2023 3:36:48 PM,f8b5cbd1-0abe-483b-8b16-956044dc0119,1.3,do you have any pulses,NA,
PULSE_TAKEN,217055,9/7/2023 3:36:49 PM,f8b5cbd1-0abe-483b-8b16-956044dc0119,1.3,pulse_fast,Intelligence Officer Burned_Gary_1 Root,
PULSE_TAKEN,221007,9/7/2023 3:36:53 PM,f8b5cbd1-0abe-483b-8b16-956044dc0119,1.3,pulse_fast,Intelligence Officer Burned_Gary_1 Root,
TOOL_HOVER,224764,9/7/2023 3:36:56 PM,f8b5cbd1-0abe-483b-8b16-956044dc0119,1.3,Tourniquet,998,
TOOL_HOVER,224783,9/7/2023 3:36:56 PM,f8b5cbd1-0abe-483b-8b16-956044dc0119,1.3,Tourniquet,998,
TOOL_HOVER,224803,9/7/2023 3:36:56 PM,f8b5cbd1-0abe-483b-8b16-956044dc0119,1.3,Tourniquet,998,
TOOL_HOVER,224816,9/7/2023 3:36:56 PM,f8b5cbd1-0abe-483b-8b16-956044dc0119,1.3,Tourniquet,998,
TOOL_HOVER,224835,9/7/2023 3:36:56 PM,f8b5cbd1-0abe-483b-8b16-956044dc0119,1.3,Tourniquet,998,
TOOL_HOVER,224853,9/7/2023 3:36:56 PM,f8b5cbd1-0abe-483b-8b16-956044dc0119,1.3,Tourniquet,998,
VOICE_CAPTURE,225688,9/7/2023 3:36:57 PM,f8b5cbd1-0abe-483b-8b16-956044dc0119,1.3,hey you got peripheral pulse,NA,
BAG_ACCESS,225817,9/7/2023 3:36:57 PM,f8b5cbd1-0abe-483b-8b16-956044dc0119,1.3,"(-2.2, 0.8, -21.7)",
BAG_CLOSED,227154,9/7/2023 3:36:59 PM,f8b5cbd1-0abe-483b-8b16-956044dc0119,1.3,"(-2.2, 0.8, -21.7)",
TELEPORT,227154,9/7/2023 3:36:59 PM,f8b5cbd1-0abe-483b-8b16-956044dc0119,1.3,"(3.6, 0.5, -9.2)",
TELEPORT,228091,9/7/2023 3:37:00 PM,f8b5cbd1-0abe-483b-8b16-956044dc0119,1.3,"(3.6, 0.5, -9.2)",
TELEPORT,229093,9/7/2023 3:37:01 PM,f8b5cbd1-0abe-483b-8b16-956044dc0119,1.3,"(3.6, 0.5, -9.2)",
TELEPORT,230661,9/7/2023 3:37:02 PM,f8b5cbd1-0abe-483b-8b16-956044dc0119,1.3,"(3.6, 0.5, -9.2)",
TELEPORT,230931,9/7/2023 3:37:02 PM,f8b5cbd1-0abe-483b-8b16-956044dc0119,1.3,"(3.6, 0.5, -9.2)",
TELEPORT,231788,9/7/2023 3:37:03 PM,f8b5cbd1-0abe-483b-8b16-956044dc0119,1.3,"(3.6, 0.5, -9.2)",
TOOL_HOVER,232572,9/7/2023 3:37:04 PM,f8b5cbd1-0abe-483b-8b16-956044dc0119,1.3,Tourniquet,998,
TOOL_HOVER,232589,9/7/2023 3:37:04 PM,f8b5cbd1-0abe-483b-8b16-956044dc0119,1.3,Tourniquet,998,
TOOL_HOVER,232605,9/7/2023 3:37:04 PM,f8b5cbd1-0abe-483b-8b16-956044dc0119,1.3,Tourniquet,998,
TOOL_HOVER,232623,9/7/2023 3:37:04 PM,f8b5cbd1-0abe-483b-8b16-956044dc0119,1.3,Tourniquet,998,
TOOL_HOVER,232638,9/7/2023 3:37:04 PM,f8b5cbd1-0abe-483b-8b16-956044dc0119,1.3,Tourniquet,998,
TOOL_HOVER,232655,9/7/2023 3:37:04 PM,f8b5cbd1-0abe-483b-8b16-956044dc0119,1.3,Tourniquet,998,
TELEPORT,236880,9/7/2023 3:37:08 PM,f8b5cbd1-0abe-483b-8b16-956044dc0119,1.3,"(3.6, 0.5, -9.2)",
VOICE_CAPTURE,238258,9/7/2023 3:37:10 PM,f8b5cbd1-0abe-483b-8b16-956044dc0119,1.3,so we don't like have airway stuff sorry no,NA,
BAG_ACCESS,239242,9/7/2023 3:37:11 PM,f8b5cbd1-0abe-483b-8b16-956044dc0119,1.3,"(-1.9, 0.9, -21.5)",
BAG_CLOSED,245615,9/7/2023 3:37:17 PM,f8b5cbd1-0abe-483b-8b16-956044dc0119,1.3,"(-1.8, 0.9, -21.5)",
TELEPORT,245615,9/7/2023 3:37:17 PM,f8b5cbd1-0abe-483b-8b16-956044dc0119,1.3,"(3.6, 0.5, -9.2)",
VOICE_CAPTURE,246669,9/7/2023 3:37:18 PM,f8b5cbd1-0abe-483b-8b16-956044dc0119,1.3,for him I would probably drop like a like a nasal trumpet an MPA and,NA,
VOICE_CAPTURE,248109,9/7/2023 3:37:20 PM,f8b5cbd1-0abe-483b-8b16-956044dc0119,1.3,and,NA,
TELEPORT,249610,9/7/2023 3:37:21 PM,f8b5cbd1-0abe-483b-8b16-956044dc0119,1.3,"(3.6, 0.5, -9.2)",
VOICE_CAPTURE,250950,9/7/2023 3:37:22 PM,f8b5cbd1-0abe-483b-8b16-956044dc0119,1.3,it's badly burned and stuff like,NA,
TELEPORT,251343,9/7/2023 3:37:23 PM,f8b5cbd1-0abe-483b-8b16-956044dc0119,1.3,"(3.6, 0.5, -9.2)",
TOOL_HOVER,252165,9/7/2023 3:37:24 PM,f8b5cbd1-0abe-483b-8b16-956044dc0119,1.3,Tourniquet,998,
TOOL_HOVER,252185,9/7/2023 3:37:24 PM,f8b5cbd1-0abe-483b-8b16-956044dc0119,1.3,Tourniquet,998,
TOOL_HOVER,252195,9/7/2023 3:37:24 PM,f8b5cbd1-0abe-483b-8b16-956044dc0119,1.3,Tourniquet,998,
TOOL_HOVER,252214,9/7/2023 3:37:24 PM,f8b5cbd1-0abe-483b-8b16-956044dc0119,1.3,Tourniquet,998,
TOOL_HOVER,252231,9/7/2023 3:37:24 PM,f8b5cbd1-0abe-483b-8b16-956044dc0119,1.3,Tourniquet,998,
TOOL_HOVER,252249,9/7/2023 3:37:24 PM,f8b5cbd1-0abe-483b-8b16-956044dc0119,1.3,Tourniquet,998,
TOOL_HOVER,252265,9/7/2023 3:37:24 PM,f8b5cbd1-0abe-483b-8b16-956044dc0119,1.3,Tourniquet,998,
TOOL_HOVER,252280,9/7/2023 3:37:24 PM,f8b5cbd1-0abe-483b-8b16-956044dc0119,1.3,Tourniquet,998,
TOOL_HOVER,252301,9/7/2023 3:37:24 PM,f8b5cbd1-0abe-483b-8b16-956044dc0119,1.3,Tourniquet,998,
TOOL_HOVER,252315,9/7/2023 3:37:24 PM,f8b5cbd1-0abe-483b-8b16-956044dc0119,1.3,Tourniquet,998,
TOOL_HOVER,252333,9/7/2023 3:37:24 PM,f8b5cbd1-0abe-483b-8b16-956044dc0119,1.3,Tourniquet,998,
TOOL_HOVER,252345,9/7/2023 3:37:24 PM,f8b5cbd1-0abe-483b-8b16-956044dc0119,1.3,Tourniquet,998,
BAG_ACCESS,253983,9/7/2023 3:37:26 PM,f8b5cbd1-0abe-483b-8b16-956044dc0119,1.3,"(-1.9, 0.9, -21.6)",
VOICE_CAPTURE,254992,9/7/2023 3:37:27 PM,f8b5cbd1-0abe-483b-8b16-956044dc0119,1.3,Probably,NA,
VOICE_CAPTURE,257194,9/7/2023 3:37:29 PM,f8b5cbd1-0abe-483b-8b16-956044dc0119,1.3,it's best I can,NA,
BAG_CLOSED,259082,9/7/2023 3:37:31 PM,f8b5cbd1-0abe-483b-8b16-956044dc0119,1.3,"(-1.9, 0.9, -21.6)",
TELEPORT,259082,9/7/2023 3:37:31 PM,f8b5cbd1-0abe-483b-8b16-956044dc0119,1.3,"(3.6, 0.5, -9.2)",
VOICE_CAPTURE,262091,9/7/2023 3:37:34 PM,f8b5cbd1-0abe-483b-8b16-956044dc0119,1.3,is breathing started to,NA,
VOICE_CAPTURE,263842,9/7/2023 3:37:35 PM,f8b5cbd1-0abe-483b-8b16-956044dc0119,1.3,read the news,NA,
TELEPORT,265902,9/7/2023 3:37:37 PM,f8b5cbd1-0abe-483b-8b16-956044dc0119,1.3,"(3.6, 0.5, -9.2)",
BAG_ACCESS,268471,9/7/2023 3:37:40 PM,f8b5cbd1-0abe-483b-8b16-956044dc0119,1.3,"(-1.8, 0.8, -21.6)",
BAG_CLOSED,269354,9/7/2023 3:37:41 PM,f8b5cbd1-0abe-483b-8b16-956044dc0119,1.3,"(-1.7, 0.8, -21.6)",
TELEPORT,269354,9/7/2023 3:37:41 PM,f8b5cbd1-0abe-483b-8b16-956044dc0119,1.3,"(3.6, 0.5, -9.2)",
TOOL_HOVER,271674,9/7/2023 3:37:43 PM,f8b5cbd1-0abe-483b-8b16-956044dc0119,1.3,Tourniquet,998,
TOOL_HOVER,271694,9/7/2023 3:37:43 PM,f8b5cbd1-0abe-483b-8b16-956044dc0119,1.3,Tourniquet,998,
TOOL_HOVER,271713,9/7/2023 3:37:43 PM,f8b5cbd1-0abe-483b-8b16-956044dc0119,1.3,Tourniquet,998,
TOOL_HOVER,271733,9/7/2023 3:37:43 PM,f8b5cbd1-0abe-483b-8b16-956044dc0119,1.3,Tourniquet,998,
TOOL_HOVER,271746,9/7/2023 3:37:43 PM,f8b5cbd1-0abe-483b-8b16-956044dc0119,1.3,Tourniquet,998,
TELEPORT,272701,9/7/2023 3:37:44 PM,f8b5cbd1-0abe-483b-8b16-956044dc0119,1.3,"(3.6, 0.5, -9.2)",
BAG_ACCESS,273702,9/7/2023 3:37:45 PM,f8b5cbd1-0abe-483b-8b16-956044dc0119,1.3,"(-2.0, 0.9, -21.5)",
VOICE_CAPTURE,275541,9/7/2023 3:37:47 PM,f8b5cbd1-0abe-483b-8b16-956044dc0119,1.3,grunting and breathing so you might have like airway trauma,NA,
VOICE_CAPTURE,282172,9/7/2023 3:37:54 PM,f8b5cbd1-0abe-483b-8b16-956044dc0119,1.3,Oh yeah sorry,NA,
BAG_CLOSED,283306,9/7/2023 3:37:55 PM,f8b5cbd1-0abe-483b-8b16-956044dc0119,1.3,"(-2.0, 0.9, -21.4)",
TELEPORT,283306,9/7/2023 3:37:55 PM,f8b5cbd1-0abe-483b-8b16-956044dc0119,1.3,"(3.6, 0.5, -9.2)",
BAG_ACCESS,286113,9/7/2023 3:37:58 PM,f8b5cbd1-0abe-483b-8b16-956044dc0119,1.3,"(-1.8, 0.9, -21.4)",
TAG_SELECTED,286930,9/7/2023 3:37:58 PM,f8b5cbd1-0abe-483b-8b16-956044dc0119,1.3,red,
VOICE_CAPTURE,286994,9/7/2023 3:37:59 PM,f8b5cbd1-0abe-483b-8b16-956044dc0119,1.3,maybe put an immediate on there too,NA,
TAG_APPLIED,288702,9/7/2023 3:38:00 PM,f8b5cbd1-0abe-483b-8b16-956044dc0119,1.3,Intelligence Officer Burned_Gary_1 Root,red,
TAG_SELECTED,290285,9/7/2023 3:38:02 PM,f8b5cbd1-0abe-483b-8b16-956044dc0119,1.3,green,
PATIENT_ENGAGED,291027,9/7/2023 3:38:03 PM,f8b5cbd1-0abe-483b-8b16-956044dc0119,1.3,100,Infinity,Military Mike Jungle Burned_0 Root,"(-0.2, 0.4, -21.1)","(0.0, 0.4, 0.0, 0.9)",EXPECTANT,still,fast,fast,normal,dead,supine,
BAG_CLOSED,291429,9/7/2023 3:38:03 PM,f8b5cbd1-0abe-483b-8b16-956044dc0119,1.3,"(-1.8, 0.9, -21.4)",
TELEPORT,291429,9/7/2023 3:38:03 PM,f8b5cbd1-0abe-483b-8b16-956044dc0119,1.3,"(3.6, 0.5, -9.2)",
VOICE_CAPTURE,291526,9/7/2023 3:38:03 PM,f8b5cbd1-0abe-483b-8b16-956044dc0119,1.3,oh there we go,NA,
TAG_DISCARDED,292315,9/7/2023 3:38:04 PM,f8b5cbd1-0abe-483b-8b16-956044dc0119,1.3,green,"(-1.3, 1.1, -21.5)",
TELEPORT,293759,9/7/2023 3:38:05 PM,f8b5cbd1-0abe-483b-8b16-956044dc0119,1.3,"(3.6, 0.5, -9.2)",
TELEPORT,294739,9/7/2023 3:38:06 PM,f8b5cbd1-0abe-483b-8b16-956044dc0119,1.3,"(3.6, 0.5, -9.2)",
VOICE_CAPTURE,295647,9/7/2023 3:38:07 PM,f8b5cbd1-0abe-483b-8b16-956044dc0119,1.3,over to this guy,NA,
TELEPORT,296165,9/7/2023 3:38:08 PM,f8b5cbd1-0abe-483b-8b16-956044dc0119,1.3,"(3.6, 0.5, -9.2)",
TELEPORT,297441,9/7/2023 3:38:09 PM,f8b5cbd1-0abe-483b-8b16-956044dc0119,1.3,"(3.6, 0.5, -9.2)",
TELEPORT,299234,9/7/2023 3:38:11 PM,f8b5cbd1-0abe-483b-8b16-956044dc0119,1.3,"(3.6, 0.5, -9.2)",
TELEPORT,299667,9/7/2023 3:38:11 PM,f8b5cbd1-0abe-483b-8b16-956044dc0119,1.3,"(3.6, 0.5, -9.2)",
VOICE_CAPTURE,299833,9/7/2023 3:38:11 PM,f8b5cbd1-0abe-483b-8b16-956044dc0119,1.3,yeah he's got a lot going on,NA,
BAG_ACCESS,299968,9/7/2023 3:38:11 PM,f8b5cbd1-0abe-483b-8b16-956044dc0119,1.3,"(0.1, 0.9, -21.7)",
BAG_CLOSED,303434,9/7/2023 3:38:15 PM,f8b5cbd1-0abe-483b-8b16-956044dc0119,1.3,"(0.3, 0.9, -21.3)",
TELEPORT,303434,9/7/2023 3:38:15 PM,f8b5cbd1-0abe-483b-8b16-956044dc0119,1.3,"(3.6, 0.5, -9.2)",
TELEPORT,303803,9/7/2023 3:38:15 PM,f8b5cbd1-0abe-483b-8b16-956044dc0119,1.3,"(3.6, 0.5, -9.2)",
BAG_ACCESS,305827,9/7/2023 3:38:17 PM,f8b5cbd1-0abe-483b-8b16-956044dc0119,1.3,"(0.5, 0.7, -21.4)",
TELEPORT,306179,9/7/2023 3:38:18 PM,f8b5cbd1-0abe-483b-8b16-956044dc0119,1.3,"(3.6, 0.5, -9.2)",
BAG_CLOSED,307248,9/7/2023 3:38:19 PM,f8b5cbd1-0abe-483b-8b16-956044dc0119,1.3,"(0.2, 0.8, -21.1)",
TELEPORT,307248,9/7/2023 3:38:19 PM,f8b5cbd1-0abe-483b-8b16-956044dc0119,1.3,"(3.6, 0.5, -9.2)",
TELEPORT,308715,9/7/2023 3:38:20 PM,f8b5cbd1-0abe-483b-8b16-956044dc0119,1.3,"(3.6, 0.5, -9.2)",
BAG_ACCESS,311052,9/7/2023 3:38:23 PM,f8b5cbd1-0abe-483b-8b16-956044dc0119,1.3,"(0.1, 0.9, -20.9)",
TOOL_HOVER,311604,9/7/2023 3:38:23 PM,f8b5cbd1-0abe-483b-8b16-956044dc0119,1.3,Tourniquet,998,
TOOL_HOVER,311626,9/7/2023 3:38:23 PM,f8b5cbd1-0abe-483b-8b16-956044dc0119,1.3,Tourniquet,998,
TOOL_HOVER,311639,9/7/2023 3:38:23 PM,f8b5cbd1-0abe-483b-8b16-956044dc0119,1.3,Tourniquet,998,
TOOL_HOVER,311653,9/7/2023 3:38:23 PM,f8b5cbd1-0abe-483b-8b16-956044dc0119,1.3,Tourniquet,998,
TOOL_HOVER,311673,9/7/2023 3:38:23 PM,f8b5cbd1-0abe-483b-8b16-956044dc0119,1.3,Tourniquet,998,
TOOL_HOVER,311689,9/7/2023 3:38:23 PM,f8b5cbd1-0abe-483b-8b16-956044dc0119,1.3,Tourniquet,998,
TOOL_HOVER,311710,9/7/2023 3:38:23 PM,f8b5cbd1-0abe-483b-8b16-956044dc0119,1.3,Tourniquet,998,
TOOL_HOVER,311724,9/7/2023 3:38:23 PM,f8b5cbd1-0abe-483b-8b16-956044dc0119,1.3,Tourniquet,998,
TOOL_SELECTED,311725,9/7/2023 3:38:23 PM,f8b5cbd1-0abe-483b-8b16-956044dc0119,1.3,Tourniquet,997,
VOICE_CAPTURE,312136,9/7/2023 3:38:24 PM,f8b5cbd1-0abe-483b-8b16-956044dc0119,1.3,OK,NA,
TOOL_APPLIED,314074,9/7/2023 3:38:26 PM,f8b5cbd1-0abe-483b-8b16-956044dc0119,1.3,Military Mike Jungle Burned_0 Root,Tourniquet,RightArm (UnityEngine.GameObject),tor_ring (1) (UnityEngine.GameObject),tourniquet(Clone) (UnityEngine.GameObject),AppliedTourniquet,
TOOL_HOVER,315214,9/7/2023 3:38:27 PM,f8b5cbd1-0abe-483b-8b16-956044dc0119,1.3,Tourniquet,997,
TOOL_HOVER,315231,9/7/2023 3:38:27 PM,f8b5cbd1-0abe-483b-8b16-956044dc0119,1.3,Tourniquet,997,
TOOL_HOVER,315253,9/7/2023 3:38:27 PM,f8b5cbd1-0abe-483b-8b16-956044dc0119,1.3,Tourniquet,997,
TOOL_HOVER,315264,9/7/2023 3:38:27 PM,f8b5cbd1-0abe-483b-8b16-956044dc0119,1.3,Tourniquet,997,
TOOL_HOVER,315281,9/7/2023 3:38:27 PM,f8b5cbd1-0abe-483b-8b16-956044dc0119,1.3,Tourniquet,997,
TOOL_HOVER,315297,9/7/2023 3:38:27 PM,f8b5cbd1-0abe-483b-8b16-956044dc0119,1.3,Tourniquet,997,
TOOL_HOVER,315314,9/7/2023 3:38:27 PM,f8b5cbd1-0abe-483b-8b16-956044dc0119,1.3,Tourniquet,997,
TOOL_HOVER,315332,9/7/2023 3:38:27 PM,f8b5cbd1-0abe-483b-8b16-956044dc0119,1.3,Tourniquet,997,
TOOL_HOVER,315348,9/7/2023 3:38:27 PM,f8b5cbd1-0abe-483b-8b16-956044dc0119,1.3,Tourniquet,997,
TOOL_HOVER,315370,9/7/2023 3:38:27 PM,f8b5cbd1-0abe-483b-8b16-956044dc0119,1.3,Tourniquet,997,
TOOL_HOVER,315384,9/7/2023 3:38:27 PM,f8b5cbd1-0abe-483b-8b16-956044dc0119,1.3,Tourniquet,997,
TOOL_HOVER,315397,9/7/2023 3:38:27 PM,f8b5cbd1-0abe-483b-8b16-956044dc0119,1.3,Tourniquet,997,
TOOL_HOVER,315415,9/7/2023 3:38:27 PM,f8b5cbd1-0abe-483b-8b16-956044dc0119,1.3,Tourniquet,997,
TOOL_SELECTED,315416,9/7/2023 3:38:27 PM,f8b5cbd1-0abe-483b-8b16-956044dc0119,1.3,Tourniquet,996,
VOICE_CAPTURE,319993,9/7/2023 3:38:32 PM,f8b5cbd1-0abe-483b-8b16-956044dc0119,1.3,oh that's going to turn the kid up,NA,
TOOL_APPLIED,322422,9/7/2023 3:38:34 PM,f8b5cbd1-0abe-483b-8b16-956044dc0119,1.3,Military Mike Jungle Burned_0 Root,Tourniquet,RightUpLeg (UnityEngine.GameObject),tor_ring (1) (UnityEngine.GameObject),tourniquet(Clone) (UnityEngine.GameObject),AppliedTourniquet,
PULSE_TAKEN,323371,9/7/2023 3:38:35 PM,f8b5cbd1-0abe-483b-8b16-956044dc0119,1.3,pulse_fast,Military Mike Jungle Burned_0 Root,
VOICE_CAPTURE,324079,9/7/2023 3:38:36 PM,f8b5cbd1-0abe-483b-8b16-956044dc0119,1.3,OK,NA,
TOOL_HOVER,326118,9/7/2023 3:38:38 PM,f8b5cbd1-0abe-483b-8b16-956044dc0119,1.3,Tourniquet,996,
TOOL_HOVER,326135,9/7/2023 3:38:38 PM,f8b5cbd1-0abe-483b-8b16-956044dc0119,1.3,Tourniquet,996,
TOOL_HOVER,326152,9/7/2023 3:38:38 PM,f8b5cbd1-0abe-483b-8b16-956044dc0119,1.3,Tourniquet,996,
TOOL_HOVER,326168,9/7/2023 3:38:38 PM,f8b5cbd1-0abe-483b-8b16-956044dc0119,1.3,Tourniquet,996,
TOOL_HOVER,326184,9/7/2023 3:38:38 PM,f8b5cbd1-0abe-483b-8b16-956044dc0119,1.3,Tourniquet,996,
TOOL_HOVER,326201,9/7/2023 3:38:38 PM,f8b5cbd1-0abe-483b-8b16-956044dc0119,1.3,Tourniquet,996,
TOOL_HOVER,326218,9/7/2023 3:38:38 PM,f8b5cbd1-0abe-483b-8b16-956044dc0119,1.3,Tourniquet,996,
TOOL_HOVER,326235,9/7/2023 3:38:38 PM,f8b5cbd1-0abe-483b-8b16-956044dc0119,1.3,Tourniquet,996,
TOOL_HOVER,326251,9/7/2023 3:38:38 PM,f8b5cbd1-0abe-483b-8b16-956044dc0119,1.3,Tourniquet,996,
TOOL_HOVER,326268,9/7/2023 3:38:38 PM,f8b5cbd1-0abe-483b-8b16-956044dc0119,1.3,Tourniquet,996,
TOOL_HOVER,326285,9/7/2023 3:38:38 PM,f8b5cbd1-0abe-483b-8b16-956044dc0119,1.3,Tourniquet,996,
TOOL_HOVER,326301,9/7/2023 3:38:38 PM,f8b5cbd1-0abe-483b-8b16-956044dc0119,1.3,Tourniquet,996,
TOOL_HOVER,326318,9/7/2023 3:38:38 PM,f8b5cbd1-0abe-483b-8b16-956044dc0119,1.3,Tourniquet,996,
TOOL_HOVER,326335,9/7/2023 3:38:38 PM,f8b5cbd1-0abe-483b-8b16-956044dc0119,1.3,Tourniquet,996,
TOOL_HOVER,326351,9/7/2023 3:38:38 PM,f8b5cbd1-0abe-483b-8b16-956044dc0119,1.3,Tourniquet,996,
TOOL_HOVER,326368,9/7/2023 3:38:38 PM,f8b5cbd1-0abe-483b-8b16-956044dc0119,1.3,Tourniquet,996,
TOOL_HOVER,326384,9/7/2023 3:38:38 PM,f8b5cbd1-0abe-483b-8b16-956044dc0119,1.3,Tourniquet,996,
TOOL_HOVER,326503,9/7/2023 3:38:38 PM,f8b5cbd1-0abe-483b-8b16-956044dc0119,1.3,Tourniquet,996,
TOOL_HOVER,326612,9/7/2023 3:38:38 PM,f8b5cbd1-0abe-483b-8b16-956044dc0119,1.3,Tourniquet,996,
TOOL_HOVER,326720,9/7/2023 3:38:38 PM,f8b5cbd1-0abe-483b-8b16-956044dc0119,1.3,Tourniquet,996,
TOOL_HOVER,326828,9/7/2023 3:38:38 PM,f8b5cbd1-0abe-483b-8b16-956044dc0119,1.3,Tourniquet,996,
TOOL_HOVER,326897,9/7/2023 3:38:38 PM,f8b5cbd1-0abe-483b-8b16-956044dc0119,1.3,Tourniquet,996,
TOOL_HOVER,326911,9/7/2023 3:38:38 PM,f8b5cbd1-0abe-483b-8b16-956044dc0119,1.3,Tourniquet,996,
TOOL_HOVER,326924,9/7/2023 3:38:38 PM,f8b5cbd1-0abe-483b-8b16-956044dc0119,1.3,Tourniquet,996,
TOOL_SELECTED,326925,9/7/2023 3:38:38 PM,f8b5cbd1-0abe-483b-8b16-956044dc0119,1.3,Tourniquet,995,
TOOL_DISCARDED,327089,9/7/2023 3:38:39 PM,f8b5cbd1-0abe-483b-8b16-956044dc0119,1.3,Tourniquet,995,"(-0.3, 1.4, -21.5)",
TOOL_HOVER,328505,9/7/2023 3:38:40 PM,f8b5cbd1-0abe-483b-8b16-956044dc0119,1.3,Tourniquet,996,
TOOL_HOVER,328520,9/7/2023 3:38:40 PM,f8b5cbd1-0abe-483b-8b16-956044dc0119,1.3,Tourniquet,996,
TOOL_HOVER,328538,9/7/2023 3:38:40 PM,f8b5cbd1-0abe-483b-8b16-956044dc0119,1.3,Tourniquet,996,
TOOL_HOVER,328555,9/7/2023 3:38:40 PM,f8b5cbd1-0abe-483b-8b16-956044dc0119,1.3,Tourniquet,996,
TOOL_HOVER,328572,9/7/2023 3:38:40 PM,f8b5cbd1-0abe-483b-8b16-956044dc0119,1.3,Tourniquet,996,
TOOL_HOVER,328588,9/7/2023 3:38:40 PM,f8b5cbd1-0abe-483b-8b16-956044dc0119,1.3,Tourniquet,996,
TOOL_HOVER,328605,9/7/2023 3:38:40 PM,f8b5cbd1-0abe-483b-8b16-956044dc0119,1.3,Tourniquet,996,
TOOL_HOVER,328622,9/7/2023 3:38:40 PM,f8b5cbd1-0abe-483b-8b16-956044dc0119,1.3,Tourniquet,996,
TOOL_HOVER,328637,9/7/2023 3:38:40 PM,f8b5cbd1-0abe-483b-8b16-956044dc0119,1.3,Tourniquet,996,
TOOL_HOVER,328655,9/7/2023 3:38:40 PM,f8b5cbd1-0abe-483b-8b16-956044dc0119,1.3,Tourniquet,996,
TOOL_HOVER,328672,9/7/2023 3:38:40 PM,f8b5cbd1-0abe-483b-8b16-956044dc0119,1.3,Tourniquet,996,
TOOL_HOVER,328687,9/7/2023 3:38:40 PM,f8b5cbd1-0abe-483b-8b16-956044dc0119,1.3,Tourniquet,996,
TOOL_HOVER,328710,9/7/2023 3:38:40 PM,f8b5cbd1-0abe-483b-8b16-956044dc0119,1.3,Tourniquet,996,
TOOL_HOVER,328723,9/7/2023 3:38:40 PM,f8b5cbd1-0abe-483b-8b16-956044dc0119,1.3,Tourniquet,996,
TOOL_HOVER,328738,9/7/2023 3:38:40 PM,f8b5cbd1-0abe-483b-8b16-956044dc0119,1.3,Tourniquet,996,
TOOL_HOVER,328754,9/7/2023 3:38:40 PM,f8b5cbd1-0abe-483b-8b16-956044dc0119,1.3,Tourniquet,996,
TOOL_HOVER,328772,9/7/2023 3:38:40 PM,f8b5cbd1-0abe-483b-8b16-956044dc0119,1.3,Tourniquet,996,
TOOL_HOVER,328789,9/7/2023 3:38:40 PM,f8b5cbd1-0abe-483b-8b16-956044dc0119,1.3,Tourniquet,996,
TOOL_HOVER,328805,9/7/2023 3:38:40 PM,f8b5cbd1-0abe-483b-8b16-956044dc0119,1.3,Tourniquet,996,
TOOL_HOVER,328821,9/7/2023 3:38:40 PM,f8b5cbd1-0abe-483b-8b16-956044dc0119,1.3,Tourniquet,996,
TOOL_HOVER,328838,9/7/2023 3:38:40 PM,f8b5cbd1-0abe-483b-8b16-956044dc0119,1.3,Tourniquet,996,
TOOL_HOVER,328854,9/7/2023 3:38:40 PM,f8b5cbd1-0abe-483b-8b16-956044dc0119,1.3,Tourniquet,996,
TOOL_HOVER,328871,9/7/2023 3:38:40 PM,f8b5cbd1-0abe-483b-8b16-956044dc0119,1.3,Tourniquet,996,
TOOL_HOVER,328893,9/7/2023 3:38:40 PM,f8b5cbd1-0abe-483b-8b16-956044dc0119,1.3,Tourniquet,996,
TOOL_HOVER,328905,9/7/2023 3:38:40 PM,f8b5cbd1-0abe-483b-8b16-956044dc0119,1.3,Tourniquet,996,
TOOL_HOVER,328921,9/7/2023 3:38:40 PM,f8b5cbd1-0abe-483b-8b16-956044dc0119,1.3,Tourniquet,996,
TOOL_HOVER,328938,9/7/2023 3:38:40 PM,f8b5cbd1-0abe-483b-8b16-956044dc0119,1.3,Tourniquet,996,
TOOL_HOVER,328954,9/7/2023 3:38:40 PM,f8b5cbd1-0abe-483b-8b16-956044dc0119,1.3,Tourniquet,996,
TOOL_HOVER,328971,9/7/2023 3:38:40 PM,f8b5cbd1-0abe-483b-8b16-956044dc0119,1.3,Tourniquet,996,
TOOL_HOVER,328987,9/7/2023 3:38:41 PM,f8b5cbd1-0abe-483b-8b16-956044dc0119,1.3,Tourniquet,996,
BAG_CLOSED,330021,9/7/2023 3:38:42 PM,f8b5cbd1-0abe-483b-8b16-956044dc0119,1.3,"(0.1, 0.9, -20.9)",
TELEPORT,330021,9/7/2023 3:38:42 PM,f8b5cbd1-0abe-483b-8b16-956044dc0119,1.3,"(3.6, 0.5, -9.2)",
VOICE_CAPTURE,331694,9/7/2023 3:38:43 PM,f8b5cbd1-0abe-483b-8b16-956044dc0119,1.3,so,NA,
TELEPORT,332280,9/7/2023 3:38:44 PM,f8b5cbd1-0abe-483b-8b16-956044dc0119,1.3,"(3.6, 0.5, -9.2)",
TELEPORT,332930,9/7/2023 3:38:44 PM,f8b5cbd1-0abe-483b-8b16-956044dc0119,1.3,"(3.6, 0.5, -9.2)",
TELEPORT,334720,9/7/2023 3:38:46 PM,f8b5cbd1-0abe-483b-8b16-956044dc0119,1.3,"(3.6, 0.5, -9.2)",
TOOL_HOVER,336671,9/7/2023 3:38:48 PM,f8b5cbd1-0abe-483b-8b16-956044dc0119,1.3,Gauze,999,
TOOL_HOVER,336689,9/7/2023 3:38:48 PM,f8b5cbd1-0abe-483b-8b16-956044dc0119,1.3,Gauze,999,
TOOL_HOVER,336710,9/7/2023 3:38:48 PM,f8b5cbd1-0abe-483b-8b16-956044dc0119,1.3,Gauze,999,
TOOL_HOVER,336723,9/7/2023 3:38:48 PM,f8b5cbd1-0abe-483b-8b16-956044dc0119,1.3,Gauze,999,
TOOL_HOVER,336744,9/7/2023 3:38:48 PM,f8b5cbd1-0abe-483b-8b16-956044dc0119,1.3,Gauze,999,
TOOL_HOVER,336754,9/7/2023 3:38:48 PM,f8b5cbd1-0abe-483b-8b16-956044dc0119,1.3,Gauze,999,
TOOL_HOVER,336770,9/7/2023 3:38:48 PM,f8b5cbd1-0abe-483b-8b16-956044dc0119,1.3,Gauze,999,
TOOL_HOVER,336787,9/7/2023 3:38:48 PM,f8b5cbd1-0abe-483b-8b16-956044dc0119,1.3,Gauze,999,
TOOL_HOVER,336808,9/7/2023 3:38:48 PM,f8b5cbd1-0abe-483b-8b16-956044dc0119,1.3,Gauze,999,
TOOL_HOVER,336819,9/7/2023 3:38:48 PM,f8b5cbd1-0abe-483b-8b16-956044dc0119,1.3,Gauze,999,
TOOL_HOVER,336842,9/7/2023 3:38:48 PM,f8b5cbd1-0abe-483b-8b16-956044dc0119,1.3,Gauze,999,
TOOL_HOVER,336854,9/7/2023 3:38:48 PM,f8b5cbd1-0abe-483b-8b16-956044dc0119,1.3,Gauze,999,
TELEPORT,337977,9/7/2023 3:38:49 PM,f8b5cbd1-0abe-483b-8b16-956044dc0119,1.3,"(3.6, 0.5, -9.2)",
TELEPORT,339529,9/7/2023 3:38:51 PM,f8b5cbd1-0abe-483b-8b16-956044dc0119,1.3,"(3.6, 0.5, -9.2)",
BAG_ACCESS,339579,9/7/2023 3:38:51 PM,f8b5cbd1-0abe-483b-8b16-956044dc0119,1.3,"(-0.7, 0.9, -21.5)",
VOICE_CAPTURE,340082,9/7/2023 3:38:52 PM,f8b5cbd1-0abe-483b-8b16-956044dc0119,1.3,sorry,NA,
VOICE_CAPTURE,342219,9/7/2023 3:38:54 PM,f8b5cbd1-0abe-483b-8b16-956044dc0119,1.3,can you hear me,NA,
VOICE_COMMAND,342219,9/7/2023 3:38:54 PM,f8b5cbd1-0abe-483b-8b16-956044dc0119,1.3,can you hear,can you hear me,
BAG_CLOSED,346062,9/7/2023 3:38:58 PM,f8b5cbd1-0abe-483b-8b16-956044dc0119,1.3,"(-0.5, 0.9, -21.6)",
TELEPORT,346062,9/7/2023 3:38:58 PM,f8b5cbd1-0abe-483b-8b16-956044dc0119,1.3,"(3.6, 0.5, -9.2)",
TELEPORT,346893,9/7/2023 3:38:58 PM,f8b5cbd1-0abe-483b-8b16-956044dc0119,1.3,"(3.6, 0.5, -9.2)",
BAG_ACCESS,350677,9/7/2023 3:39:02 PM,f8b5cbd1-0abe-483b-8b16-956044dc0119,1.3,"(-0.5, 0.9, -21.7)",
TOOL_HOVER,352017,9/7/2023 3:39:04 PM,f8b5cbd1-0abe-483b-8b16-956044dc0119,1.3,Hemostatic Gauze,999,
TOOL_HOVER,352035,9/7/2023 3:39:04 PM,f8b5cbd1-0abe-483b-8b16-956044dc0119,1.3,Hemostatic Gauze,999,
TOOL_HOVER,352052,9/7/2023 3:39:04 PM,f8b5cbd1-0abe-483b-8b16-956044dc0119,1.3,Hemostatic Gauze,999,
TOOL_HOVER,352067,9/7/2023 3:39:04 PM,f8b5cbd1-0abe-483b-8b16-956044dc0119,1.3,Hemostatic Gauze,999,
TOOL_HOVER,352084,9/7/2023 3:39:04 PM,f8b5cbd1-0abe-483b-8b16-956044dc0119,1.3,Hemostatic Gauze,999,
TOOL_HOVER,352101,9/7/2023 3:39:04 PM,f8b5cbd1-0abe-483b-8b16-956044dc0119,1.3,Hemostatic Gauze,999,
TOOL_HOVER,352118,9/7/2023 3:39:04 PM,f8b5cbd1-0abe-483b-8b16-956044dc0119,1.3,Hemostatic Gauze,999,
TOOL_HOVER,352134,9/7/2023 3:39:04 PM,f8b5cbd1-0abe-483b-8b16-956044dc0119,1.3,Hemostatic Gauze,999,
TOOL_SELECTED,352136,9/7/2023 3:39:04 PM,f8b5cbd1-0abe-483b-8b16-956044dc0119,1.3,Hemostatic Gauze,998,
TOOL_DISCARDED,353383,9/7/2023 3:39:05 PM,f8b5cbd1-0abe-483b-8b16-956044dc0119,1.3,Hemostatic Gauze,998,"(-0.1, 0.6, -21.9)",
INJURY_TREATED,353384,9/7/2023 3:39:05 PM,f8b5cbd1-0abe-483b-8b16-956044dc0119,1.3,L Neck Puncture,Military Mike Jungle Burned_0 Root,woundpack,high,neck,True,False,"(-0.2, 0.6, -21.9)",
TOOL_APPLIED,353385,9/7/2023 3:39:05 PM,f8b5cbd1-0abe-483b-8b16-956044dc0119,1.3,Military Mike Jungle Burned_0 Root,Gauze_Pack,skinCollider_BodyCollideLOD (UnityEngine.GameObject),null,null,AppliedPackingGauze,
TOOL_HOVER,355705,9/7/2023 3:39:07 PM,f8b5cbd1-0abe-483b-8b16-956044dc0119,1.3,Hemostatic Gauze,999,
TOOL_HOVER,355723,9/7/2023 3:39:07 PM,f8b5cbd1-0abe-483b-8b16-956044dc0119,1.3,Hemostatic Gauze,999,
TOOL_HOVER,355737,9/7/2023 3:39:07 PM,f8b5cbd1-0abe-483b-8b16-956044dc0119,1.3,Hemostatic Gauze,999,
TOOL_HOVER,355753,9/7/2023 3:39:07 PM,f8b5cbd1-0abe-483b-8b16-956044dc0119,1.3,Hemostatic Gauze,999,
TOOL_SELECTED,355754,9/7/2023 3:39:07 PM,f8b5cbd1-0abe-483b-8b16-956044dc0119,1.3,Hemostatic Gauze,998,
BAG_CLOSED,361655,9/7/2023 3:39:13 PM,f8b5cbd1-0abe-483b-8b16-956044dc0119,1.3,"(-0.5, 0.9, -21.7)",
TELEPORT,363374,9/7/2023 3:39:15 PM,f8b5cbd1-0abe-483b-8b16-956044dc0119,1.3,"(3.6, 0.5, -9.2)",
TELEPORT,363922,9/7/2023 3:39:15 PM,f8b5cbd1-0abe-483b-8b16-956044dc0119,1.3,"(3.6, 0.5, -9.2)",
TELEPORT,365374,9/7/2023 3:39:17 PM,f8b5cbd1-0abe-483b-8b16-956044dc0119,1.3,"(3.6, 0.5, -9.2)",
TELEPORT,367781,9/7/2023 3:39:19 PM,f8b5cbd1-0abe-483b-8b16-956044dc0119,1.3,"(3.6, 0.5, -9.2)",
TELEPORT,368899,9/7/2023 3:39:20 PM,f8b5cbd1-0abe-483b-8b16-956044dc0119,1.3,"(3.6, 0.5, -9.2)",
TELEPORT,370119,9/7/2023 3:39:22 PM,f8b5cbd1-0abe-483b-8b16-956044dc0119,1.3,"(3.6, 0.5, -9.2)",
TELEPORT,371144,9/7/2023 3:39:23 PM,f8b5cbd1-0abe-483b-8b16-956044dc0119,1.3,"(3.6, 0.5, -9.2)",
TELEPORT,372929,9/7/2023 3:39:24 PM,f8b5cbd1-0abe-483b-8b16-956044dc0119,1.3,"(3.6, 0.5, -9.2)",
VOICE_CAPTURE,373595,9/7/2023 3:39:25 PM,f8b5cbd1-0abe-483b-8b16-956044dc0119,1.3,Can you roll over anything,NA,
VOICE_COMMAND,373595,9/7/2023 3:39:25 PM,f8b5cbd1-0abe-483b-8b16-956044dc0119,1.3,lay down,Can you roll over anything,
TELEPORT,374947,9/7/2023 3:39:26 PM,f8b5cbd1-0abe-483b-8b16-956044dc0119,1.3,"(3.6, 0.5, -9.2)",
TOOL_DISCARDED,376842,9/7/2023 3:39:28 PM,f8b5cbd1-0abe-483b-8b16-956044dc0119,1.3,Hemostatic Gauze,998,"(-0.1, 0.9, -21.5)",
TOOL_DISCARDED,376842,9/7/2023 3:39:28 PM,f8b5cbd1-0abe-483b-8b16-956044dc0119,1.3,Hemostatic Gauze,999,"(-0.1, 0.9, -21.5)",
VOICE_CAPTURE,377454,9/7/2023 3:39:29 PM,f8b5cbd1-0abe-483b-8b16-956044dc0119,1.3,pack that guy,NA,
TOOL_HOVER,377469,9/7/2023 3:39:29 PM,f8b5cbd1-0abe-483b-8b16-956044dc0119,1.3,Tourniquet,996,
TOOL_HOVER,377487,9/7/2023 3:39:29 PM,f8b5cbd1-0abe-483b-8b16-956044dc0119,1.3,Tourniquet,996,
TOOL_HOVER,377503,9/7/2023 3:39:29 PM,f8b5cbd1-0abe-483b-8b16-956044dc0119,1.3,Tourniquet,996,
TOOL_HOVER,377524,9/7/2023 3:39:29 PM,f8b5cbd1-0abe-483b-8b16-956044dc0119,1.3,Tourniquet,996,
TOOL_HOVER,377537,9/7/2023 3:39:29 PM,f8b5cbd1-0abe-483b-8b16-956044dc0119,1.3,Tourniquet,996,
TOOL_HOVER,377551,9/7/2023 3:39:29 PM,f8b5cbd1-0abe-483b-8b16-956044dc0119,1.3,Tourniquet,996,
BAG_ACCESS,378169,9/7/2023 3:39:30 PM,f8b5cbd1-0abe-483b-8b16-956044dc0119,1.3,"(0.1, 0.9, -21.6)",
TAG_SELECTED,378942,9/7/2023 3:39:30 PM,f8b5cbd1-0abe-483b-8b16-956044dc0119,1.3,black,
TAG_DISCARDED,379893,9/7/2023 3:39:31 PM,f8b5cbd1-0abe-483b-8b16-956044dc0119,1.3,black,"(-0.4, 0.9, -21.4)",
TAG_SELECTED,383086,9/7/2023 3:39:35 PM,f8b5cbd1-0abe-483b-8b16-956044dc0119,1.3,gray,
TAG_APPLIED,384255,9/7/2023 3:39:36 PM,f8b5cbd1-0abe-483b-8b16-956044dc0119,1.3,Military Mike Jungle Burned_0 Root,gray,
BAG_CLOSED,385405,9/7/2023 3:39:37 PM,f8b5cbd1-0abe-483b-8b16-956044dc0119,1.3,"(0.1, 0.9, -21.6)",
TELEPORT,385405,9/7/2023 3:39:37 PM,f8b5cbd1-0abe-483b-8b16-956044dc0119,1.3,"(3.6, 0.5, -9.2)",
TELEPORT,386543,9/7/2023 3:39:38 PM,f8b5cbd1-0abe-483b-8b16-956044dc0119,1.3,"(3.6, 0.5, -9.2)",
TELEPORT,387585,9/7/2023 3:39:39 PM,f8b5cbd1-0abe-483b-8b16-956044dc0119,1.3,"(3.6, 0.5, -9.2)",
TELEPORT,388968,9/7/2023 3:39:40 PM,f8b5cbd1-0abe-483b-8b16-956044dc0119,1.3,"(3.6, 0.5, -9.2)",
TELEPORT,389952,9/7/2023 3:39:41 PM,f8b5cbd1-0abe-483b-8b16-956044dc0119,1.3,"(3.6, 0.5, -9.2)",
TELEPORT,391486,9/7/2023 3:39:43 PM,f8b5cbd1-0abe-483b-8b16-956044dc0119,1.3,"(3.6, 0.5, -9.2)",
TELEPORT,392571,9/7/2023 3:39:44 PM,f8b5cbd1-0abe-483b-8b16-956044dc0119,1.3,"(3.6, 0.5, -9.2)",
TELEPORT,396347,9/7/2023 3:39:48 PM,f8b5cbd1-0abe-483b-8b16-956044dc0119,1.3,"(3.6, 0.5, -9.2)",
VOICE_CAPTURE,397885,9/7/2023 3:39:49 PM,f8b5cbd1-0abe-483b-8b16-956044dc0119,1.3,from here,NA,
TELEPORT,399971,9/7/2023 3:39:51 PM,f8b5cbd1-0abe-483b-8b16-956044dc0119,1.3,"(3.6, 0.5, -9.2)",
TELEPORT,402366,9/7/2023 3:39:54 PM,f8b5cbd1-0abe-483b-8b16-956044dc0119,1.3,"(3.6, 0.5, -9.2)",
PATIENT_ENGAGED,404704,9/7/2023 3:39:56 PM,f8b5cbd1-0abe-483b-8b16-956044dc0119,1.3,100,Infinity,Military Mike Jungle Combat_3_2 Root,"(-4.2, 0.2, -21.5)","(0.0, -0.4, 0.0, 0.9)",IMMEDIATE,waver,fast,fast,normal,agony,supine,
VOICE_CAPTURE,404754,9/7/2023 3:39:56 PM,f8b5cbd1-0abe-483b-8b16-956044dc0119,1.3,I guess what would I,NA,
TELEPORT,405405,9/7/2023 3:39:57 PM,f8b5cbd1-0abe-483b-8b16-956044dc0119,1.3,"(3.6, 0.5, -9.2)",
TELEPORT,406541,9/7/2023 3:39:58 PM,f8b5cbd1-0abe-483b-8b16-956044dc0119,1.3,"(3.6, 0.5, -9.2)",
TELEPORT,407325,9/7/2023 3:39:59 PM,f8b5cbd1-0abe-483b-8b16-956044dc0119,1.3,"(3.6, 0.5, -9.2)",
VOICE_CAPTURE,408144,9/7/2023 3:40:00 PM,f8b5cbd1-0abe-483b-8b16-956044dc0119,1.3,these three,NA,
TELEPORT,409696,9/7/2023 3:40:01 PM,f8b5cbd1-0abe-483b-8b16-956044dc0119,1.3,"(3.6, 0.5, -9.2)",
TELEPORT,410324,9/7/2023 3:40:02 PM,f8b5cbd1-0abe-483b-8b16-956044dc0119,1.3,"(3.6, 0.5, -9.2)",
TELEPORT,412219,9/7/2023 3:40:04 PM,f8b5cbd1-0abe-483b-8b16-956044dc0119,1.3,"(3.6, 0.5, -9.2)",
TELEPORT,413027,9/7/2023 3:40:05 PM,f8b5cbd1-0abe-483b-8b16-956044dc0119,1.3,"(3.6, 0.5, -9.2)",
TELEPORT,413391,9/7/2023 3:40:05 PM,f8b5cbd1-0abe-483b-8b16-956044dc0119,1.3,"(3.6, 0.5, -9.2)",
VOICE_CAPTURE,415282,9/7/2023 3:40:07 PM,f8b5cbd1-0abe-483b-8b16-956044dc0119,1.3,oh man,NA,
TELEPORT,417236,9/7/2023 3:40:09 PM,f8b5cbd1-0abe-483b-8b16-956044dc0119,1.3,"(3.6, 0.5, -9.2)",
TELEPORT,417618,9/7/2023 3:40:09 PM,f8b5cbd1-0abe-483b-8b16-956044dc0119,1.3,"(3.6, 0.5, -9.2)",
TELEPORT,421612,9/7/2023 3:40:13 PM,f8b5cbd1-0abe-483b-8b16-956044dc0119,1.3,"(3.6, 0.1, -6.3)",
TELEPORT,423661,9/7/2023 3:40:15 PM,f8b5cbd1-0abe-483b-8b16-956044dc0119,1.3,"(2.3, 0.0, -4.4)",
PATIENT_ENGAGED,423928,9/7/2023 3:40:15 PM,f8b5cbd1-0abe-483b-8b16-956044dc0119,1.3,100,128,Military Mike Jungle Scout_1_3 Root,"(0.7, 0.1, 3.9)","(0.0, -0.7, 0.0, 0.7)",DELAYED,still,fast,fast,normal,calm,supine,
TELEPORT,424368,9/7/2023 3:40:16 PM,f8b5cbd1-0abe-483b-8b16-956044dc0119,1.3,"(2.3, 0.0, -4.4)",
TELEPORT,427774,9/7/2023 3:40:19 PM,f8b5cbd1-0abe-483b-8b16-956044dc0119,1.3,"(2.3, 0.0, -4.4)",
VOICE_CAPTURE,429014,9/7/2023 3:40:21 PM,f8b5cbd1-0abe-483b-8b16-956044dc0119,1.3,you're in an ID,NA,
TELEPORT,429476,9/7/2023 3:40:21 PM,f8b5cbd1-0abe-483b-8b16-956044dc0119,1.3,"(2.3, 0.0, -4.4)",
VOICE_CAPTURE,430785,9/7/2023 3:40:22 PM,f8b5cbd1-0abe-483b-8b16-956044dc0119,1.3,can you breathe,NA,
VOICE_CAPTURE,431939,9/7/2023 3:40:23 PM,f8b5cbd1-0abe-483b-8b16-956044dc0119,1.3,modbutton yes,NA,
VOICE_COMMAND,431939,9/7/2023 3:40:23 PM,f8b5cbd1-0abe-483b-8b16-956044dc0119,1.3,modbutton yes,modbutton yes,
TELEPORT,433409,9/7/2023 3:40:25 PM,f8b5cbd1-0abe-483b-8b16-956044dc0119,1.3,"(2.3, 0.0, -4.4)",
TELEPORT,434576,9/7/2023 3:40:26 PM,f8b5cbd1-0abe-483b-8b16-956044dc0119,1.3,"(2.3, 0.0, -4.4)",
VOICE_CAPTURE,435358,9/7/2023 3:40:27 PM,f8b5cbd1-0abe-483b-8b16-956044dc0119,1.3,yeah,NA,
TELEPORT,436397,9/7/2023 3:40:28 PM,f8b5cbd1-0abe-483b-8b16-956044dc0119,1.3,"(2.3, 0.0, -4.4)",
TELEPORT,437947,9/7/2023 3:40:29 PM,f8b5cbd1-0abe-483b-8b16-956044dc0119,1.3,"(2.3, 0.0, -4.4)",
VOICE_CAPTURE,439304,9/7/2023 3:40:31 PM,f8b5cbd1-0abe-483b-8b16-956044dc0119,1.3,modbutton no,NA,
VOICE_COMMAND,439304,9/7/2023 3:40:31 PM,f8b5cbd1-0abe-483b-8b16-956044dc0119,1.3,modbutton no,modbutton no,
VOICE_CAPTURE,439925,9/7/2023 3:40:31 PM,f8b5cbd1-0abe-483b-8b16-956044dc0119,1.3,yeah that's wonderful are you bleeding anywhere are you hurt,NA,
VOICE_COMMAND,439925,9/7/2023 3:40:31 PM,f8b5cbd1-0abe-483b-8b16-956044dc0119,1.3,are you hurt,yeah that's wonderful are you bleeding anywhere are you hurt,
VOICE_COMMAND,439925,9/7/2023 3:40:31 PM,f8b5cbd1-0abe-483b-8b16-956044dc0119,1.3,where are you,yeah that's wonderful are you bleeding anywhere are you hurt,
TELEPORT,440741,9/7/2023 3:40:32 PM,f8b5cbd1-0abe-483b-8b16-956044dc0119,1.3,"(2.3, 0.0, -4.4)",
TELEPORT,443299,9/7/2023 3:40:35 PM,f8b5cbd1-0abe-483b-8b16-956044dc0119,1.3,"(2.3, 0.0, -4.4)",
TELEPORT,445817,9/7/2023 3:40:37 PM,f8b5cbd1-0abe-483b-8b16-956044dc0119,1.3,"(2.3, 0.0, -4.4)",
VOICE_CAPTURE,445983,9/7/2023 3:40:38 PM,f8b5cbd1-0abe-483b-8b16-956044dc0119,1.3,no alright can you get up and move,NA,
VOICE_COMMAND,445983,9/7/2023 3:40:38 PM,f8b5cbd1-0abe-483b-8b16-956044dc0119,1.3,stand up,no alright can you get up and move,
VOICE_CAPTURE,446376,9/7/2023 3:40:38 PM,f8b5cbd1-0abe-483b-8b16-956044dc0119,1.3,stand,NA,
VOICE_COMMAND,446376,9/7/2023 3:40:38 PM,f8b5cbd1-0abe-483b-8b16-956044dc0119,1.3,stand up,stand,
VOICE_CAPTURE,447736,9/7/2023 3:40:39 PM,f8b5cbd1-0abe-483b-8b16-956044dc0119,1.3,no,NA,
TELEPORT,448188,9/7/2023 3:40:40 PM,f8b5cbd1-0abe-483b-8b16-956044dc0119,1.3,"(2.3, 0.0, -4.4)",
TELEPORT,450664,9/7/2023 3:40:42 PM,f8b5cbd1-0abe-483b-8b16-956044dc0119,1.3,"(2.3, 0.0, -4.4)",
VOICE_CAPTURE,451324,9/7/2023 3:40:43 PM,f8b5cbd1-0abe-483b-8b16-956044dc0119,1.3,hey,NA,
TELEPORT,452371,9/7/2023 3:40:44 PM,f8b5cbd1-0abe-483b-8b16-956044dc0119,1.3,"(2.3, 0.0, -4.4)",
TELEPORT,453211,9/7/2023 3:40:45 PM,f8b5cbd1-0abe-483b-8b16-956044dc0119,1.3,"(2.3, 0.0, -4.4)",
VOICE_CAPTURE,453780,9/7/2023 3:40:45 PM,f8b5cbd1-0abe-483b-8b16-956044dc0119,1.3,yeah,NA,
TELEPORT,454615,9/7/2023 3:40:46 PM,f8b5cbd1-0abe-483b-8b16-956044dc0119,1.3,"(2.3, 0.0, -4.4)",
PATIENT_ENGAGED,455652,9/7/2023 3:40:47 PM,f8b5cbd1-0abe-483b-8b16-956044dc0119,1.3,100,Infinity,Asian Bob_4 Root,"(2.9, 0.0, 2.3)","(0.0, -0.7, 0.0, 0.7)",DELAYED,still,faint,normal,none,calm,fetal,
VOICE_CAPTURE,455865,9/7/2023 3:40:47 PM,f8b5cbd1-0abe-483b-8b16-956044dc0119,1.3,cover that way,NA,
TELEPORT,457804,9/7/2023 3:40:49 PM,f8b5cbd1-0abe-483b-8b16-956044dc0119,1.3,"(2.3, 0.0, -4.4)",
TELEPORT,459308,9/7/2023 3:40:51 PM,f8b5cbd1-0abe-483b-8b16-956044dc0119,1.3,"(2.3, 0.0, -4.4)",
TELEPORT,459697,9/7/2023 3:40:51 PM,f8b5cbd1-0abe-483b-8b16-956044dc0119,1.3,"(2.3, 0.0, -4.4)",
TELEPORT,461227,9/7/2023 3:40:53 PM,f8b5cbd1-0abe-483b-8b16-956044dc0119,1.3,"(2.3, 0.0, -4.4)",
VOICE_CAPTURE,463614,9/7/2023 3:40:55 PM,f8b5cbd1-0abe-483b-8b16-956044dc0119,1.3,everything's gonna be fine you were in an accident,NA,
VOICE_CAPTURE,465239,9/7/2023 3:40:57 PM,f8b5cbd1-0abe-483b-8b16-956044dc0119,1.3,can you breathe,NA,
VOICE_CAPTURE,468308,9/7/2023 3:41:00 PM,f8b5cbd1-0abe-483b-8b16-956044dc0119,1.3,can you talk to me,NA,
VOICE_CAPTURE,468865,9/7/2023 3:41:00 PM,f8b5cbd1-0abe-483b-8b16-956044dc0119,1.3,are you hurt,NA,
VOICE_COMMAND,468865,9/7/2023 3:41:00 PM,f8b5cbd1-0abe-483b-8b16-956044dc0119,1.3,are you hurt,are you hurt,
VOICE_CAPTURE,476145,9/7/2023 3:41:08 PM,f8b5cbd1-0abe-483b-8b16-956044dc0119,1.3,having difficulty hearing OK,NA,
VOICE_CAPTURE,480004,9/7/2023 3:41:12 PM,f8b5cbd1-0abe-483b-8b16-956044dc0119,1.3,can you roll over on your back,NA,
VOICE_COMMAND,480004,9/7/2023 3:41:12 PM,f8b5cbd1-0abe-483b-8b16-956044dc0119,1.3,lay down,can you roll over on your back,
VOICE_CAPTURE,480390,9/7/2023 3:41:12 PM,f8b5cbd1-0abe-483b-8b16-956044dc0119,1.3,are you hurt,NA,
VOICE_COMMAND,480390,9/7/2023 3:41:12 PM,f8b5cbd1-0abe-483b-8b16-956044dc0119,1.3,are you hurt,are you hurt,
TELEPORT,482212,9/7/2023 3:41:14 PM,f8b5cbd1-0abe-483b-8b16-956044dc0119,1.3,"(2.3, 0.0, -4.4)",
TELEPORT,484149,9/7/2023 3:41:16 PM,f8b5cbd1-0abe-483b-8b16-956044dc0119,1.3,"(2.3, 0.0, -4.4)",
TELEPORT,485101,9/7/2023 3:41:17 PM,f8b5cbd1-0abe-483b-8b16-956044dc0119,1.3,"(2.3, 0.0, -4.4)",
TELEPORT,487127,9/7/2023 3:41:19 PM,f8b5cbd1-0abe-483b-8b16-956044dc0119,1.3,"(2.3, 0.0, -4.4)",
VOICE_CAPTURE,489083,9/7/2023 3:41:21 PM,f8b5cbd1-0abe-483b-8b16-956044dc0119,1.3,and you know,NA,
TELEPORT,491289,9/7/2023 3:41:23 PM,f8b5cbd1-0abe-483b-8b16-956044dc0119,1.3,"(2.3, 0.0, -4.4)",
TELEPORT,491885,9/7/2023 3:41:23 PM,f8b5cbd1-0abe-483b-8b16-956044dc0119,1.3,"(2.3, 0.0, -4.4)",
TELEPORT,492823,9/7/2023 3:41:24 PM,f8b5cbd1-0abe-483b-8b16-956044dc0119,1.3,"(2.3, 0.0, -4.4)",
TELEPORT,494607,9/7/2023 3:41:26 PM,f8b5cbd1-0abe-483b-8b16-956044dc0119,1.3,"(2.3, 0.0, -4.4)",
TELEPORT,495373,9/7/2023 3:41:27 PM,f8b5cbd1-0abe-483b-8b16-956044dc0119,1.3,"(2.3, 0.0, -4.4)",
TELEPORT,496943,9/7/2023 3:41:28 PM,f8b5cbd1-0abe-483b-8b16-956044dc0119,1.3,"(2.3, 0.0, -4.4)",
VOICE_CAPTURE,497513,9/7/2023 3:41:29 PM,f8b5cbd1-0abe-483b-8b16-956044dc0119,1.3,Can't stand up can I help him up,NA,
VOICE_COMMAND,497513,9/7/2023 3:41:29 PM,f8b5cbd1-0abe-483b-8b16-956044dc0119,1.3,stand up,Can't stand up can I help him up,
TELEPORT,497579,9/7/2023 3:41:29 PM,f8b5cbd1-0abe-483b-8b16-956044dc0119,1.3,"(2.3, 0.0, -4.4)",
TELEPORT,500087,9/7/2023 3:41:32 PM,f8b5cbd1-0abe-483b-8b16-956044dc0119,1.3,"(2.3, 0.0, -4.4)",
VOICE_CAPTURE,501021,9/7/2023 3:41:33 PM,f8b5cbd1-0abe-483b-8b16-956044dc0119,1.3,ohk OK,NA,
TELEPORT,501909,9/7/2023 3:41:33 PM,f8b5cbd1-0abe-483b-8b16-956044dc0119,1.3,"(2.3, 0.0, -4.4)",
BAG_ACCESS,505130,9/7/2023 3:41:37 PM,f8b5cbd1-0abe-483b-8b16-956044dc0119,1.3,"(3.1, 0.8, 2.4)",
VOICE_CAPTURE,505768,9/7/2023 3:41:37 PM,f8b5cbd1-0abe-483b-8b16-956044dc0119,1.3,and he's probably,NA,
TAG_SELECTED,506136,9/7/2023 3:41:38 PM,f8b5cbd1-0abe-483b-8b16-956044dc0119,1.3,green,
BAG_CLOSED,506349,9/7/2023 3:41:38 PM,f8b5cbd1-0abe-483b-8b16-956044dc0119,1.3,"(3.1, 0.8, 2.4)",
TELEPORT,506349,9/7/2023 3:41:38 PM,f8b5cbd1-0abe-483b-8b16-956044dc0119,1.3,"(2.3, 0.0, -4.4)",
TELEPORT,507252,9/7/2023 3:41:39 PM,f8b5cbd1-0abe-483b-8b16-956044dc0119,1.3,"(2.3, 0.0, -4.4)",
TAG_APPLIED,508890,9/7/2023 3:41:40 PM,f8b5cbd1-0abe-483b-8b16-956044dc0119,1.3,Asian Bob_4 Root,green,
TELEPORT,511028,9/7/2023 3:41:43 PM,f8b5cbd1-0abe-483b-8b16-956044dc0119,1.3,"(2.3, 0.0, -4.4)",
PULSE_TAKEN,511114,9/7/2023 3:41:43 PM,f8b5cbd1-0abe-483b-8b16-956044dc0119,1.3,pulse_faint,Asian Bob_4 Root,
VOICE_CAPTURE,511979,9/7/2023 3:41:43 PM,f8b5cbd1-0abe-483b-8b16-956044dc0119,1.3,well,NA,
PULSE_TAKEN,512415,9/7/2023 3:41:44 PM,f8b5cbd1-0abe-483b-8b16-956044dc0119,1.3,pulse_faint,Asian Bob_4 Root,
PULSE_TAKEN,518344,9/7/2023 3:41:50 PM,f8b5cbd1-0abe-483b-8b16-956044dc0119,1.3,pulse_faint,Asian Bob_4 Root,
TELEPORT,522339,9/7/2023 3:41:54 PM,f8b5cbd1-0abe-483b-8b16-956044dc0119,1.3,"(2.3, 0.0, -4.4)",
TELEPORT,524570,9/7/2023 3:41:56 PM,f8b5cbd1-0abe-483b-8b16-956044dc0119,1.3,"(2.3, 0.0, -4.4)",
TELEPORT,525721,9/7/2023 3:41:57 PM,f8b5cbd1-0abe-483b-8b16-956044dc0119,1.3,"(2.3, 0.0, -4.4)",
TELEPORT,526954,9/7/2023 3:41:58 PM,f8b5cbd1-0abe-483b-8b16-956044dc0119,1.3,"(2.3, 0.0, -4.4)",
TELEPORT,528271,9/7/2023 3:42:00 PM,f8b5cbd1-0abe-483b-8b16-956044dc0119,1.3,"(2.3, 0.0, -4.4)",
TELEPORT,529125,9/7/2023 3:42:01 PM,f8b5cbd1-0abe-483b-8b16-956044dc0119,1.3,"(2.3, 0.0, -4.4)",
TELEPORT,531359,9/7/2023 3:42:03 PM,f8b5cbd1-0abe-483b-8b16-956044dc0119,1.3,"(2.3, 0.0, -4.4)",
PATIENT_ENGAGED,534367,9/7/2023 3:42:06 PM,f8b5cbd1-0abe-483b-8b16-956044dc0119,1.3,100,128,Military Mike Jungle Scout_1_3 Root,"(0.6, 0.0, 3.5)","(0.0, 0.3, 0.0, 0.9)",DELAYED,still,fast,fast,normal,calm,standing,
TELEPORT,534500,9/7/2023 3:42:06 PM,f8b5cbd1-0abe-483b-8b16-956044dc0119,1.3,"(2.3, 0.0, -4.4)",
VOICE_CAPTURE,537099,9/7/2023 3:42:09 PM,f8b5cbd1-0abe-483b-8b16-956044dc0119,1.3,Should we move to the road for transport,NA,
VOICE_COMMAND,537099,9/7/2023 3:42:09 PM,f8b5cbd1-0abe-483b-8b16-956044dc0119,1.3,walk to the safe area,Should we move to the road for transport,
S_A_L_T_WALK_IF_CAN,537100,9/7/2023 3:42:09 PM,f8b5cbd1-0abe-483b-8b16-956044dc0119,1.3,"(-2.2, 0.3, -22.4)",walkIfCan,Intelligence Officer Burned_Gary_1 Root,
S_A_L_T_WALK_IF_CAN,537101,9/7/2023 3:42:09 PM,f8b5cbd1-0abe-483b-8b16-956044dc0119,1.3,"(-4.2, 0.2, -21.5)",walkIfCan,Military Mike Jungle Combat_3_2 Root,
S_A_L_T_WALK_IF_CAN,537101,9/7/2023 3:42:09 PM,f8b5cbd1-0abe-483b-8b16-956044dc0119,1.3,"(0.6, 0.0, 3.5)",walkIfCan,Military Mike Jungle Scout_1_3 Root,
S_A_L_T_WALK_IF_CAN,537101,9/7/2023 3:42:09 PM,f8b5cbd1-0abe-483b-8b16-956044dc0119,1.3,"(-0.2, 0.1, -1.0)",walkIfCan,Military Mike Jungle Combat_1_5 Root,
TELEPORT,540038,9/7/2023 3:42:12 PM,f8b5cbd1-0abe-483b-8b16-956044dc0119,1.3,"(2.3, 0.0, -4.4)",
VOICE_CAPTURE,541322,9/7/2023 3:42:13 PM,f8b5cbd1-0abe-483b-8b16-956044dc0119,1.3,forget where they were,NA,
TELEPORT,544327,9/7/2023 3:42:16 PM,f8b5cbd1-0abe-483b-8b16-956044dc0119,1.3,"(2.3, 0.0, -4.4)",
VOICE_CAPTURE,545799,9/7/2023 3:42:17 PM,f8b5cbd1-0abe-483b-8b16-956044dc0119,1.3,little bit disoriented I don't know where the other folks were,NA,
TELEPORT,548441,9/7/2023 3:42:20 PM,f8b5cbd1-0abe-483b-8b16-956044dc0119,1.3,"(2.3, 0.0, -4.4)",
VOICE_CAPTURE,551005,9/7/2023 3:42:23 PM,f8b5cbd1-0abe-483b-8b16-956044dc0119,1.3,OK,NA,
TELEPORT,551405,9/7/2023 3:42:23 PM,f8b5cbd1-0abe-483b-8b16-956044dc0119,1.3,"(2.3, 0.0, -4.4)",
VOICE_CAPTURE,555189,9/7/2023 3:42:27 PM,f8b5cbd1-0abe-483b-8b16-956044dc0119,1.3,send this to the civilian,NA,
TELEPORT,555545,9/7/2023 3:42:27 PM,f8b5cbd1-0abe-483b-8b16-956044dc0119,1.3,"(2.3, 0.0, -4.4)",
TELEPORT,556277,9/7/2023 3:42:28 PM,f8b5cbd1-0abe-483b-8b16-956044dc0119,1.3,"(2.3, 0.0, -4.4)",
TELEPORT,557051,9/7/2023 3:42:29 PM,f8b5cbd1-0abe-483b-8b16-956044dc0119,1.3,"(2.3, 0.0, -4.4)",
TELEPORT,558552,9/7/2023 3:42:30 PM,f8b5cbd1-0abe-483b-8b16-956044dc0119,1.3,"(2.3, 0.0, -4.4)",
TELEPORT,559855,9/7/2023 3:42:31 PM,f8b5cbd1-0abe-483b-8b16-956044dc0119,1.3,"(2.3, 0.0, -4.4)",
SESSION_END,561424,9/7/2023 3:42:33 PM,f8b5cbd1-0abe-483b-8b16-956044dc0119,1.3,
VOICE_CAPTURE,563093,9/7/2023 3:42:35 PM,f8b5cbd1-0abe-483b-8b16-956044dc0119,1.3,OK,NA,
